Workbook

Sheet Guide
A1: SAFERSEAS Analytics Implementation Guide
A2: Formula-driven Excel companion to the mockup using the same dummy dataset and equivalent transferable visuals.
A4: Purpose
A5: This workbook mirrors the mockup's analytical outputs so a developer can inspect raw data, derived logic, chart helper tables, and policy evidence calculations in Excel.
A7: Included workbook sections
A8: - Raw_Incidents: source dummy data from the mockup
A9: - Lookups: region maps, fallback logic, season order, severity weights
A10: - Enriched: formula-driven derived fields used by analytics
A11: - Trend / Causal / Exposure / Quality sheets: chart helper tables plus Excel charts
A12: - Policy_Brief: policy packets, corridor register, data caveats, methodology notes
A15: Not transferred from the mockup
A16: The interactive GIS density/cluster map is not reproduced as a native Excel visual. The workbook retains the same underlying coordinates and corridor logic, but not the map interaction layer.
... A19: Risk Index and Confidence Score are included because the mockup uses them, but both remain working proxies for implementation guidance, not validated operational doctrine.

Sheet Raw_Incidents
A1: Raw Incident Dataset
A2: Direct export of the current SAFERSEAS dummy dataset.
A4: Incident ID | B4: Incident DateTime | C4: Incident Type | D4: Casualty Type | E4: Severity | F4: Vessel Name | G4: Former Names | H4: Vessel Type | I4: Flag State | J4: IMO Number | K4: Official Number | L4: Gross Tonnage | M4: Length Meters | N4: Breadth Meters | O4: Propulsion Type | P4: Engine Power kW | Q4: Classification Society | R4: Year Built | S4: Latitude | T4: Longitude | U4: Reference Port | V4: Province | W4: Sea Area | X4: Corridor | Y4: Wave Height (m) | Z4: Wind Force | AA4: Visibility | AB4: Owner Name | AC4: Owner Contact | AD4: Operator Name | AE4: Operator Address | AF4: Voyage Origin | AG4: Voyage Destination | AH4: Intended Route | AI4: Cargo Type | AJ4: Cargo Quantity | AK4: Authority | AL4: Reporting Method | AM4: Status | AN4: Narrative | AO4: Key Events Timeline | AP4: Crew Response | AQ4: Crew Behavior Factors | AR4: Primary Cause | AS4: Findings Of Cause | AT4: Damages Incurred | AU4: Crew Count | AV4: Passenger Count | AW4: Fatalities | AX4: Injuries | AY4: Recommendations | AZ4: Linked Documents
A5: INC-2025-000101 | B5: 45669.184 | C5: Collision | D5: Injury | E5: Serious | F5: MV Pacific Trader | G5: MV Eastern Star | H5: Bulk Carrier | I5: Philippines | J5: IMO 9482713 | K5: PH-2026-7781 | L5: 25000 | M5: 189.6 | N5: 32.2 | O5: Diesel engine | P5: 11200 | Q5: Bureau Veritas | R5: 2006 | S5: 14.663 | T5: 120.762 | U5: Manila | V5: Metro Manila | W5: Manila Bay | X5: Manila Bay North Approach | Y5: 1.6 | Z5: 4 | AA5: Moderate | AB5: Pacific Shipping Lines | AC5: +63 2 8123 4567 | AD5: Pacific Marine Operations | AE5: Port Area, Manila, Philippines | AF5: Subic | AG5: Manila | AH5: Subic-Manila inbound traffic lane | AI5: Bulk cargo | AJ5: 18,000 MT cement clinker | AK5: MARINA | AL5: Web Portal | AM5: Published | AN5: Bulk carrier made contact with a harbor support craft while inbound to Manila Bay under congested traffic conditions. | AO5: 04:02 pilot boarding; 04:18 crossing traffic advisory; 04:25 contact with harbor support craft near approach lane edge. | AP5: Master reduced speed, sounded danger signal, and coordinated towing assistance for the support craft. | AQ5: Communication Failure | Violation of Procedures | AR5: Navigation Error | AS5: Late course alteration in dense approach traffic reduced passing distance below safe margins. | AT5: Hull Damage | Third-Party Property | AU5: 22 | AV5: 0 | AW5: 0 | AX5: 2 | AY5: Reinforce bridge resource management and pilot-master exchange procedures for Manila Bay approaches. | AZ5: AIS Track | Pilot Exchange Form | Photo Log
A6: INC-2025-000118 | B6: 45685.444 | C6: Fire/Explosion | D6: Injury | E6: Serious | F6: MT Ocean Star | H6: Oil Tanker | I6: Singapore | J6: IMO 9338894 | K6: SG-TK-4218 | L6: 29400 | M6: 183.8 | N6: 32 | O6: Slow-speed marine diesel | P6: 9780 | Q6: Lloyd's Register | R6: 2008 | S6: 13.758 | T6: 121.076 | U6: Batangas | V6: Batangas | W6: Verde Island Passage | X6: Batangas-Calapan Transit Lane | Y6: 1.4 | Z6: 4 | AA6: Good | AB6: Blue Meridian Tankers | AC6: +65 6712 9088 | AD6: Meridian Offshore Management | AE6: Jurong Port Road, Singapore | AF6: Batangas | AG6: Calapan | AH6: Verde Island Passage east-west corridor | AI6: Fuel / Oil | AJ6: 22,500 barrels marine diesel | AK6: MARINA | AL6: Inter-agency Intake | AM6: Under Review | AN6: Localized purifier room fire was contained while the tanker transited the Verde Island Passage. | AO6: 10:21 purifier alarm; 10:29 fire team deployed; 10:40 fire declared contained and cooling commenced. | AP6: Engine room fixed system was placed on standby while boundary cooling and isolation procedures were carried out. | AQ6: Inadequate Training | AR6: Mechanical Failure | AS6: Fuel leakage from a worn seal ignited on contact with a hot surface inside the purifier room. | AT6: Equipment Damage | AU6: 28 | AV6: 0 | AW6: 0 | AX6: 4 | AY6: Increase purifier seal inspection frequency and require pre-transit machinery readiness checks for tankers. | AZ6: Engine Logbook | Class Survey Note | Chief Engineer Statement
A7: INC-2025-000133 | B7: 45694.01 | C7: Grounding | D7: Injury | E7: Serious | F7: MV Island Express | H7: Ferry | I7: Philippines | J7: IMO 9134452 | K7: OFN-55281 | L7: 8450 | M7: 118.4 | N7: 18.3 | O7: Twin diesel propulsion | P7: 6400 | Q7: Nippon Kaiji Kyokai | R7: 2011 | S7: 10.231 | T7: 123.931 | U7: Cebu | V7: Cebu | W7: Cebu Strait | X7: Cebu-Mactan Southern Approach | Y7: 1 | Z7: 3 | AA7: Good | AB7: Island Ferry Holdings | AC7: +63 32 455 1188 | AD7: Island Express Ferries | AE7: Pier 3, Cebu City, Philippines | AF7: Cebu | AG7: Ormoc | AH7: Cebu Strait domestic passenger corridor | AI7: Passengers | AJ7: 187 passengers with accompanied baggage | AK7: PCG | AL7: Mobile App | AM7: Verified | AN7: Passenger ferry grounded on a shoal after deviating slightly south of the recommended approach track. | AO7: 00:02 departure from Cebu channel; 00:11 track drift observed; 00:15 bottom contact and stop. | AP7: Crew initiated passenger briefing, checked void spaces, and coordinated tug support before refloating. | AQ7: Violation of Procedures | AR7: Navigation Error | AS7: The bridge team did not positively verify the cross-track error before altering toward the terminal approach. | AT7: Hull Damage | AU7: 15 | AV7: 187 | AW7: 0 | AX7: 3 | AY7: Require electronic cross-track alarm checks on high-frequency ferry routes in Cebu Strait. | AZ7: ECDIS Replay | Passenger Manifest | Grounding Sketch
A8: INC-2025-000147 | B8: 45706.538 | C8: Person Overboard | D8: Fatality | E8: Serious | F8: MV Visayan Princess | H8: Passenger Vessel | I8: Philippines | J8: IMO 9006173 | K8: PH-PAX-4412 | L8: 6720 | M8: 109.3 | N8: 17.6 | O8: Dual diesel propulsion | P8: 5810 | Q8: RINA | R8: 2009 | S8: 9.696 | T8: 118.491 | U8: Puerto Princesa | V8: Palawan | W8: Palawan Approaches | X8: Puerto Princesa Western Approach | Y8: 1.5 | Z8: 4 | AA8: Good | AB8: Visayan Coastal Lines | AC8: +63 32 332 7777 | AD8: Visayan Passenger Shipping | AE8: North Reclamation Area, Cebu City, Philippines | AF8: Cuyo | AG8: Puerto Princesa | AH8: West Palawan coastal approach lane | AI8: Passengers | AJ8: 126 passengers and light vehicle deck cargo | AK8: PCG | AL8: Email Intake | AM8: Published | AN8: Passenger was reported missing shortly after sunset during the western approach to Puerto Princesa. | AO8: 12:40 passenger unaccounted for; 12:47 muster completed; 12:55 Williamson turn commenced and search initiated. | AP8: Bridge team marked the last-known position, deployed lookouts, and coordinated with the coast station for search support. | AQ8: Fatigue | AR8: Human Error | AS8: Open weather deck access combined with delayed detection extended the response timeline. | AT8: None Reported | AU8: 16 | AV8: 126 | AW8: 1 | AX8: 0 | AY8: Strengthen passenger deck surveillance and tighten restricted-area patrol procedures during night sailing. | AZ8: CCTV Still Frames | Search Track Plot | Passenger List
A9: INC-2025-000163 | B9: 45719.889 | C9: Sinking | D9: Fatality | E9: Very Serious | F9: FB Santa Rosa | H9: Fishing Vessel | I9: Philippines | K9: PH-FV-11892 | L9: 110 | M9: 28.4 | N9: 6.9 | O9: Marine diesel | P9: 540 | R9: 2002 | S9: 10.949 | T9: 125.574 | U9: Liloan | V9: Southern Leyte | W9: Surigao Strait | X9: Liloan-Surigao Crossing | Y9: 3.8 | Z9: 8 | AA9: Poor | AB9: Santa Rosa Fishing Cooperative | AC9: +63 78 889 2121 | AD9: Santa Rosa Fishing Cooperative | AE9: Aparri Fishing Port, Cagayan, Philippines | AF9: Liloan | AG9: Surigao | AH9: Southern Leyte-Surigao strait crossing lane | AI9: Fish Catch | AJ9: 12 MT mixed pelagic catch | AK9: PCG | AL9: Manual Encoding | AM9: Published | AN9: Fishing vessel took repeated boarding seas and sank while crossing the eastern edge of the Surigao Strait traffic lane. | AO9: 20:55 weather deterioration reported; 21:10 progressive flooding; 21:20 vessel abandoned and later sank. | AP9: Crew attempted dewatering and donned lifejackets before abandoning to a nearby banca rescue. | AQ9: Violation of Procedures | Communication Failure | AR9: Weather Conditions | AS9: The vessel continued fishing operations despite fresh gale warnings and an overloaded deck condition. | AT9: Total Loss | AU9: 10 | AV9: 0 | AW9: 3 | AX9: 2 | AY9: Tighten heavy-weather departure controls for small fishing vessels operating across Surigao Strait. | AZ9: Weather Advisory | Rescue Timeline | Witness Statements
A10: INC-2025-000181 | B10: 45732.354 | C10: Capsizing | D10: Fatality | E10: Very Serious | F10: FB San Miguel | H10: Fishing Vessel | I10: Philippines | K10: PH-FV-8743 | L10: 82 | M10: 24.1 | N10: 6.2 | O10: Marine diesel | P10: 430 | R10: 2004 | S10: 6.874 | T10: 125.729 | U10: Davao | V10: Davao del Sur | W10: Davao Gulf | X10: Samal-Davao Pilotage Route | Y10: 3.1 | Z10: 7 | AA10: Moderate | AB10: San Miguel Fisheries | AC10: +63 82 225 9167 | AD10: San Miguel Fisheries | AE10: Davao Fish Port, Davao City, Philippines | AF10: General Santos | AG10: Davao | AH10: Davao Gulf northbound merchant lane | AI10: Fish Catch | AJ10: 7 MT tuna and mixed catch | AK10: PCG | AL10: Mobile App | AM10: Published | AN10: Fishing vessel capsized while hauling gear in beam seas near the northern Davao Gulf lane. | AO10: 08:05 hauling operations started; 08:24 deck load shifted; 08:30 capsize and abandonment. | AP10: Nearby fishing craft recovered survivors while PCG launched a delayed follow-up search. | AQ10: Violation of Procedures | AR10: Weather Conditions | AS10: Uneven gear loading and side-on wave exposure caused a rapid loss of stability. | AT10: Total Loss | AU10: 8 | AV10: 0 | AW10: 2 | AX10: 1 | AY10: Issue stability guidance for ring-net operations and enforce weather-triggered haul suspension in Davao Gulf. | AZ10: Fisheries Permit | Survivor Statement | Search Map
A11: INC-2025-000196 | B11: 45745.243 | C11: Collision | D11: Property Damage | E11: Less Serious | F11: MV Samar Venture | H11: Ferry | I11: Philippines | K11: PH-RORO-5612 | L11: 5120 | M11: 92.2 | N11: 16.7 | O11: Twin screw diesel | P11: 4680 | Q11: Bureau Veritas | R11: 2013 | S11: 12.753 | T11: 124.38 | U11: Matnog | V11: Sorsogon | W11: San Bernardino Strait | X11: Matnog-Allen Ferry Transit | Y11: 1.9 | Z11: 5 | AA11: Moderate | AB11: Eastern Nautical Transport | AC11: +63 56 812 9951 | AD11: Samar Venture Ferries | AE11: Matnog Ferry Terminal, Sorsogon, Philippines | AF11: Matnog | AG11: Allen | AH11: San Bernardino inter-island ferry route | AI11: Passengers | AJ11: 132 passengers and 28 rolling vehicles | AK11: PCG | AL11: Web Portal | AM11: Verified | AN11: RoRo ferry brushed a lightering barge while adjusting its lane position in San Bernardino Strait. | AO11: 05:42 overtaking maneuver started; 05:48 barge altered unexpectedly; 05:50 side contact occurred. | AP11: Master stabilized heading, checked passenger spaces, and escorted the barge clear of the lane. | AQ11: Communication Failure | AR11: Navigation Error | AS11: Insufficient passing communication between the RoRo ferry and barge watchkeepers reduced maneuvering margins. | AT11: Hull Damage | Third-Party Property | AU11: 18 | AV11: 132 | AW11: 0 | AX11: 1 | AY11: Publish overtaking guidance and mandatory bridge-to-bridge phraseology for San Bernardino crossings. | AZ11: VHF Transcript | Damage Photos | Bridge Log
A12: INC-2025-000214 | B12: 45757.066 | C12: Machinery Failure | D12: None | E12: Less Serious | F12: MV Pacific Dream | H12: Bulk Carrier | I12: Marshall Islands | J12: IMO 9440878 | K12: MH-BC-3019 | L12: 27850 | M12: 190.4 | N12: 32.1 | O12: Slow-speed diesel engine | P12: 11860 | Q12: ABS | R12: 2007 | S12: 8.543 | T12: 124.784 | U12: Cagayan de Oro | V12: Misamis Oriental | W12: Macajalar Bay | X12: Macajalar Bay Bulk Access Lane | Y12: 0.9 | Z12: 3 | AA12: Good | AB12: TransPacific Dry Bulk | AC12: +692 625 9911 | AD12: TransPacific Marine Services | AE12: Majuro Registry Office | AF12: Iligan | AG12: Cagayan de Oro | AH12: Macajalar Bay industrial shipping lane | AI12: Bulk cargo | AJ12: 20,500 MT clinker and steel billets | AK12: MARINA | AL12: Web Portal | AM12: Verified | AN12: Main engine lube-oil pressure alarm forced the bulk carrier to anchor inside Macajalar Bay. | AO12: 01:18 alarm received; 01:24 engine load reduced; 01:35 emergency anchoring completed. | AP12: Engineering watch shifted to local control while the master coordinated a safe anchorage with the port authority. | AQ12: Inadequate Training | AR12: Mechanical Failure | AS12: A clogged lube-oil filter reduced pressure to a level that triggered protective slowdown. | AT12: Equipment Damage | AU12: 24 | AV12: 0 | AW12: 0 | AX12: 0 | AY12: Require lube-oil filter differential pressure logging before arrival in industrial bay approaches. | AZ12: Engine Alarm Printout | Anchorage Position Plot | Chief Engineer Report
A13: INC-2025-000229 | B13: 45768.295 | C13: Flooding | D13: None | E13: Less Serious | F13: MV Island Hopper | H13: Ferry | I13: Philippines | K13: PH-RORO-2024 | L13: 3960 | M13: 74.6 | N13: 14.1 | O13: Twin diesel propulsion | P13: 3210 | Q13: RINA | R13: 2014 | S13: 10.678 | T13: 122.578 | U13: Iloilo | V13: Iloilo | W13: Iloilo Strait | X13: Iloilo-Guimaras Transit Lane | Y13: 1.3 | Z13: 4 | AA13: Good | AB13: Archipelago Transport Link | AC13: +63 43 288 5221 | AD13: Archipelago Transport Link | AE13: Calapan Port Complex, Oriental Mindoro, Philippines | AF13: Iloilo | AG13: Bacolod | AH13: Panay-Negros coastal ferry lane | AI13: Passengers | AJ13: 82 passengers and 18 light vehicles | AK13: PCG | AL13: Mobile App | AM13: Verified | AN13: Water ingress was detected in a lower void space while the RoRo ferry transited Iloilo Strait. | AO13: 06:49 bilge alarm; 06:57 inspection team dispatched; 07:05 leak source isolated and pumpout started. | AP13: Crew restricted passenger movement, monitored water level, and completed a controlled return to port. | AQ13: Communication Failure | AR13: Mechanical Failure | AS13: A deteriorated sea chest gasket allowed slow water ingress during repeated docking cycles. | AT13: Hull Damage | AU13: 12 | AV13: 82 | AW13: 0 | AX13: 0 | AY13: Increase seal inspection intervals for high-frequency RoRo ferries operating in short strait passages. | AZ13: Void Space Inspection Sheet | Pump Log | Return-to-Port Notice
A14: INC-2025-000246 | B14: 45785.698 | C14: Collision | D14: None | E14: Near Miss | F14: MV Cargo Link | H14: Container Ship | I14: Panama | J14: IMO 9291173 | K14: PA-CS-4421 | L14: 18600 | M14: 172.3 | N14: 27.9 | O14: Diesel engine | P14: 10240 | Q14: DNV | R14: 2010 | S14: 14.37 | T14: 120.873 | U14: Manila | V14: Metro Manila | W14: Manila Bay | X14: Manila Bay South Approach | Y14: 1.1 | Z14: 4 | AA14: Moderate | AB14: Cargo Link Asia Ltd. | AC14: +507 206 8100 | AD14: Cargo Link Shipmanagement | AE14: Panama City, Panama | AF14: Batangas | AG14: Manila | AH14: Batangas-Manila gateway lane | AI14: Containers | AJ14: 1,240 TEU mixed consumer cargo | AK14: MARINA | AL14: Web Portal | AM14: Under Review | AN14: Container ship narrowly avoided contact with a coastal tanker during a crossing situation in southern Manila Bay. | AO14: 16:37 target acquired; 16:42 late course correction; 16:45 minimum CPA recorded at unsafe margin. | AP14: Bridge team executed a hard-to-starboard maneuver and reported the event as a near miss on arrival. | AQ14: Violation of Procedures | Communication Failure | AR14: Navigation Error | AS14: Delayed risk-of-collision assessment reduced the time available for an orderly avoiding action. | AT14: None Reported | AU14: 20 | AV14: 0 | AW14: 0 | AX14: 0 | AY14: Introduce near-miss reporting reviews for Manila Bay crossing traffic to capture precursors before collision events. | AZ14: VDR Event Marker | AIS Replay | Master Near-Miss Report
A15: INC-2025-000264 | B15: 45803.132 | C15: Grounding | D15: Injury | E15: Less Serious | F15: MV Verde Logistics | H15: General Cargo | I15: Philippines | K15: PH-GC-8344 | L15: 5120 | M15: 91.2 | N15: 15.4 | O15: Marine diesel | P15: 4460 | Q15: ClassNK | R15: 2015 | S15: 13.787 | T15: 121.04 | U15: Batangas | V15: Batangas | W15: Verde Island Passage | X15: Batangas-Calapan Transit Lane | Y15: 1.2 | Z15: 3 | AA15: Good | AB15: Verde Coastal Logistics | AC15: +63 43 723 1180 | AD15: Verde Coastal Logistics | AE15: Batangas Port, Batangas, Philippines | AF15: Batangas | AG15: Calapan | AH15: Verde Island Passage east-west corridor | AI15: General Cargo | AJ15: 5,100 MT bagged feed and construction supplies | AK15: PCG | AL15: Inter-agency Intake | AM15: Verified | AN15: General cargo vessel touched bottom on the edge of a reef patch while crossing the Verde Island Passage. | AO15: 02:58 waypoint alteration; 03:06 depth alarm; 03:10 bottom contact and immediate stop. | AP15: Master held position, checked tank soundings, and waited for daylight inspection before refloating. | AQ15: Violation of Procedures | AR15: Navigation Error | AS15: The track line entered a charted shallow patch after the bridge team bypassed a route check in calm conditions. | AT15: Hull Damage | AU15: 16 | AV15: 0 | AW15: 0 | AX15: 1 | AY15: Require route verification checkpoints across the Verde Island Passage regardless of weather conditions. | AZ15: Chart Extract | Sounding Report | Post-Refloat Inspection
A16: INC-2025-000281 | B16: 45819.403 | C16: Collision | D16: Injury | E16: Serious | F16: MV SuperFerry 12 | H16: Ferry | I16: Philippines | K16: PH-RORO-8455 | L16: 7180 | M16: 116.1 | N16: 18.2 | O16: Twin diesel propulsion | P16: 6180 | Q16: ClassNK | R16: 2010 | S16: 10.207 | T16: 123.955 | U16: Cebu | V16: Cebu | W16: Cebu Strait | X16: Cebu-Mactan Southern Approach | Y16: 1.4 | Z16: 4 | AA16: Moderate | AB16: National RoRo Services | AC16: +63 32 414 9200 | AD16: National RoRo Services | AE16: Cebu Domestic Port, Cebu, Philippines | AF16: Cebu | AG16: Ormoc | AH16: Cebu Strait domestic passenger corridor | AI16: Passengers | AJ16: 145 passengers and mixed rolling cargo | AK16: PCG | AL16: Mobile App | AM16: Under Review | AN16: Ferry struck a fixed mooring dolphin while approaching Cebu under a crowded berthing sequence. | AO16: 09:28 inbound queue formed; 09:35 astern movement delayed; 09:40 starboard quarter contact with dolphin. | AP16: Terminal response teams assisted in mooring while the crew checked passenger areas and vehicle deck securing. | AQ16: Communication Failure | AR16: Navigation Error | AS16: The final approach speed remained high for the available berth spacing and tug support was delayed. | AT16: Hull Damage | Third-Party Property | AU16: 18 | AV16: 145 | AW16: 0 | AX16: 5 | AY16: Review final-approach speed limits and berth sequencing controls for Cebu domestic ferry terminals. | AZ16: Berth CCTV | Port VTS Log | Damage Assessment
A17: INC-2025-000295 | B17: 45837.592 | C17: Flooding | D17: Injury | E17: Serious | F17: MV Island Hopper | H17: Ferry | I17: Philippines | K17: PH-RORO-2024 | L17: 3960 | M17: 74.6 | N17: 14.1 | O17: Twin diesel propulsion | P17: 3210 | Q17: RINA | R17: 2014 | S17: 9.769 | T17: 124.031 | U17: Tagbilaran | V17: Bohol | W17: Bohol Sea | X17: Cebu-Bohol Passenger Corridor | Y17: 1.7 | Z17: 5 | AA17: Moderate | AB17: Archipelago Transport Link | AC17: +63 43 288 5221 | AD17: Archipelago Transport Link | AE17: Calapan Port Complex, Oriental Mindoro, Philippines | AF17: Cebu | AG17: Tagbilaran | AH17: Cebu-Tagbilaran inter-island service lane | AI17: Passengers | AJ17: 82 passengers and 18 light vehicles | AK17: PCG | AL17: Email Intake | AM17: Verified | AN17: RoRo ferry developed flooding in a vehicle deck compartment during a Bohol Sea crossing. | AO17: 13:55 spray ingress noticed; 14:04 compartment alarm; 14:12 dewatering and speed reduction initiated. | AP17: Crew closed deck openings, shifted vehicles, and stabilized the vessel before proceeding under escort. | AQ17: Violation of Procedures | AR17: Mechanical Failure | AS17: A degraded deck drain and unsecured ramp seal allowed water to accumulate during head seas. | AT17: Equipment Damage | AU17: 12 | AV17: 82 | AW17: 0 | AX17: 1 | AY17: Increase ramp and drain inspection frequency on Bohol Sea RoRo services during monsoon periods. | AZ17: Ramp Seal Inspection | Vehicle Deck Photos | Escort Clearance
A18: INC-2025-000317 | B18: 45852.962 | C18: Collision | D18: Injury | E18: Serious | F18: MT Southern Crest | H18: Oil Tanker | I18: Singapore | J18: IMO 9612259 | K18: SG-TK-5517 | L18: 23110 | M18: 174.2 | N18: 28.6 | O18: Slow-speed marine diesel | P18: 9340 | Q18: Lloyd's Register | R18: 2012 | S18: 10.989 | T18: 125.543 | U18: Liloan | V18: Southern Leyte | W18: Surigao Strait | X18: Liloan-Surigao Crossing | Y18: 2.2 | Z18: 6 | AA18: Poor | AB18: Southern Crest Tankers | AC18: +65 6883 5500 | AD18: Crest Offshore Management | AE18: Anson Road, Singapore | AF18: Liloan | AG18: Surigao | AH18: Southern Leyte-Surigao strait crossing lane | AI18: Fuel / Oil | AJ18: 18,000 barrels bunker fuel | AK18: MARINA | AL18: Inter-agency Intake | AM18: Published | AN18: Tanker made glancing contact with a coastal cargo vessel in rain clutter inside Surigao Strait. | AO18: 22:48 rain cell entered radar arc; 22:59 crossing target confusion reported; 23:05 contact occurred. | AP18: Master reduced speed, separated from traffic, and completed pollution prevention checks before proceeding. | AQ18: Communication Failure | Fatigue | AR18: Navigation Error | AS18: Radar interpretation degraded in heavy rain and voice coordination between bridges was incomplete. | AT18: Hull Damage | AU18: 26 | AV18: 0 | AW18: 0 | AX18: 2 | AY18: Issue rain-clutter bridge guidance and bridge manning reinforcement requirements for Surigao Strait transits. | AZ18: Radar Screenshot | VHF Transcript | Pollution Prevention Check
A19: INC-2025-000336 | B19: 45869.262 | C19: Pollution Incident | D19: Pollution | E19: Serious | F19: MT Ocean Star | H19: Oil Tanker | I19: Singapore | J19: IMO 9338894 | K19: SG-TK-4218 | L19: 29400 | M19: 183.8 | N19: 32 | O19: Slow-speed marine diesel | P19: 9780 | Q19: Lloyd's Register | R19: 2008 | S19: 9.654 | T19: 118.535 | U19: Puerto Princesa | V19: Palawan | W19: Palawan Approaches | X19: Puerto Princesa Western Approach | Y19: 1.6 | Z19: 4 | AA19: Good | AB19: Blue Meridian Tankers | AC19: +65 6712 9088 | AD19: Meridian Offshore Management | AE19: Jurong Port Road, Singapore | AF19: Cuyo | AG19: Puerto Princesa | AH19: West Palawan coastal approach lane | AI19: Fuel / Oil | AJ19: 22,500 barrels marine diesel | AK19: MARINA | AL19: Web Portal | AM19: Published | AN19: Minor sheen was observed astern of the tanker while inbound to Puerto Princesa anchorage. | AO19: 06:03 sheen first reported; 06:11 deck inspection started; 06:18 transfer line leak identified and isolated. | AP19: Crew suspended transfer preparations, deployed absorbent boom, and coordinated with the port response team. | AQ19: Inadequate Training | AR19: Mechanical Failure | AS19: A loose transfer line coupling allowed residual product to escape during pre-berthing checks. | AT19: Environmental Impact | AU19: 28 | AV19: 0 | AW19: 0 | AX19: 0 | AY19: Mandate tighter pre-berthing hose and coupling checks for tankers entering Palawan anchorages. | AZ19: Sheen Photo Log | Port Response Report | Transfer Line Inspection
A20: INC-2025-000352 | B20: 45884.114 | C20: Machinery Failure | D20: None | E20: Less Serious | F20: MV Eastern Mariner | H20: Container Ship | I20: Liberia | J20: IMO 9384451 | K20: LR-CS-6921 | L20: 20310 | M20: 176.7 | N20: 28.1 | O20: Diesel engine | P20: 10620 | Q20: DNV | R20: 2011 | S20: 6.871 | T20: 125.757 | U20: Davao | V20: Davao del Sur | W20: Davao Gulf | X20: Samal-Davao Pilotage Route | Y20: 1 | Z20: 3 | AA20: Good | AB20: Eastern Gateway Shipping | AC20: +231 770 552118 | AD20: Gateway Marine Management | AE20: Monrovia Registry Office | AF20: General Santos | AG20: Davao | AH20: Davao Gulf northbound merchant lane | AI20: Containers | AJ20: 1,480 TEU mixed retail cargo | AK20: MARINA | AL20: Web Portal | AM20: Verified | AN20: Container ship experienced steering gear lag while aligning for pilot boarding inside Davao Gulf. | AO20: 02:36 response lag noticed; 02:40 manual steering engaged; 02:44 redundancy checks completed. | AP20: Bridge and engine teams shifted to standby steering mode and postponed pilot boarding until tests were complete. | AQ20: Inadequate Training | AR20: Mechanical Failure | AS20: Hydraulic pressure fluctuation inside the steering gear control loop caused delayed helm response. | AT20: Equipment Damage | AU20: 23 | AV20: 0 | AW20: 0 | AX20: 0 | AY20: Require steering gear redundancy checks before pilot boarding in constrained gulf approaches. | AZ20: Steering Gear Alarm Printout | Pilot Delay Notice | Engineering Test Sheet
A21: INC-2025-000371 | B21: 45904.786 | C21: Swamping | D21: Fatality | E21: Very Serious | F21: MV Strait Guardian | H21: General Cargo | I21: Philippines | K21: PH-GC-9194 | L21: 4210 | M21: 86.5 | N21: 14.9 | O21: Marine diesel | P21: 3940 | Q21: Bureau Veritas | R21: 2008 | S21: 12.746 | T21: 124.402 | U21: Matnog | V21: Sorsogon | W21: San Bernardino Strait | X21: Matnog-Allen Ferry Transit | Y21: 3.6 | Z21: 8 | AA21: Poor | AB21: Strait Guardian Shipping | AC21: +63 56 851 3910 | AD21: Guardian Coastal Freight | AE21: Allen Port, Northern Samar, Philippines | AF21: Matnog | AG21: Allen | AH21: San Bernardino inter-island ferry route | AI21: General Cargo | AJ21: 4,200 MT aggregates and construction equipment | AK21: PCG | AL21: Manual Encoding | AM21: Published | AN21: General cargo vessel was overwhelmed by repeated green water over the bow and lost stability in San Bernardino Strait. | AO21: 18:33 heavy weather warning repeated; 18:47 forward deck flooding; 18:52 loss of stability and partial abandonment. | AP21: Crew attempted to secure deck cargo and dewater holds before distress traffic was transmitted. | AQ21: Violation of Procedures | Communication Failure | AR21: Weather Conditions | AS21: Improper deck cargo securing and a late decision to seek shelter left the vessel exposed to heavy seas. | AT21: Hull Damage | Cargo Damage | AU21: 17 | AV21: 0 | AW21: 1 | AX21: 4 | AY21: Issue deck cargo securing advisories and enforce weather rerouting for small cargo vessels in San Bernardino Strait. | AZ21: Cargo Securing Photos | Weather Bulletin | Distress Log
A22: INC-2025-000389 | B22: 45922.465 | C22: Collision | D22: Property Damage | E22: Serious | F22: MV Pacific Dream | H22: Bulk Carrier | I22: Marshall Islands | J22: IMO 9440878 | K22: MH-BC-3019 | L22: 27850 | M22: 190.4 | N22: 32.1 | O22: Slow-speed diesel engine | P22: 11860 | Q22: ABS | R22: 2007 | S22: 8.512 | T22: 124.747 | U22: Cagayan de Oro | V22: Misamis Oriental | W22: Macajalar Bay | X22: Macajalar Bay Bulk Access Lane | Y22: 0.8 | Z22: 2 | AA22: Good | AB22: TransPacific Dry Bulk | AC22: +692 625 9911 | AD22: TransPacific Marine Services | AE22: Majuro Registry Office | AF22: Iligan | AG22: Cagayan de Oro | AH22: Macajalar Bay industrial shipping lane | AI22: Bulk cargo | AJ22: 20,500 MT clinker and steel billets | AK22: MARINA | AL22: Inter-agency Intake | AM22: Published | AN22: Bulk carrier contacted a berth fender line and nearby service craft while shifting inside Macajalar Bay. | AO22: 10:58 berth shift commenced; 11:05 astern propulsion delayed; 11:10 contact with service craft. | AP22: Bridge team stopped the shift, checked for pollution risk, and resumed only after harbor master clearance. | AQ22: Communication Failure | AR22: Navigation Error | AS22: Conflicting tug and berth instructions caused a late correction during low-speed maneuvering. | AT22: Third-Party Property | Hull Damage | AU22: 24 | AV22: 0 | AW22: 0 | AX22: 1 | AY22: Standardize tug-master-harbor communication procedures during industrial berth shifts in Macajalar Bay. | AZ22: Harbor Master Note | Shift Plan | Service Craft Damage Report
A23: INC-2025-000406 | B23: 45939.936 | C23: Collision | D23: Property Damage | E23: Less Serious | F23: MV Verde Logistics | H23: General Cargo | I23: Philippines | K23: PH-GC-8344 | L23: 5120 | M23: 91.2 | N23: 15.4 | O23: Marine diesel | P23: 4460 | Q23: ClassNK | R23: 2015 | S23: 10.684 | T23: 122.599 | U23: Iloilo | V23: Iloilo | W23: Iloilo Strait | X23: Iloilo-Guimaras Transit Lane | Y23: 1.1 | Z23: 3 | AA23: Moderate | AB23: Verde Coastal Logistics | AC23: +63 43 723 1180 | AD23: Verde Coastal Logistics | AE23: Batangas Port, Batangas, Philippines | AF23: Iloilo | AG23: Bacolod | AH23: Panay-Negros coastal ferry lane | AI23: General Cargo | AJ23: 5,100 MT bagged feed and construction supplies | AK23: PCG | AL23: Web Portal | AM23: Verified | AN23: General cargo vessel allided with a navigation buoy while crossing Iloilo Strait at night. | AO23: 22:17 outbound lane entered; 22:24 buoy light confusion reported; 22:28 allision recorded. | AP23: Crew corrected track immediately and checked forepeak spaces before completing transit at reduced speed. | AQ23: Fatigue | AR23: Navigation Error | AS23: A fatigued watch team misidentified buoy characteristics and stood too close to the channel edge. | AT23: Hull Damage | Third-Party Property | AU23: 16 | AV23: 0 | AW23: 0 | AX23: 1 | AY23: Review night navigation watch rotations and channel-mark identification guidance for Iloilo Strait transits. | AZ23: Buoy Maintenance Photo | Watch Schedule | Track Plot
A24: INC-2025-000422 | B24: 45957.566 | C24: Collision | D24: Fatality | E24: Very Serious | F24: MV Pacific Trader | G24: MV Eastern Star | H24: Bulk Carrier | I24: Philippines | J24: IMO 9482713 | K24: PH-2026-7781 | L24: 25000 | M24: 189.6 | N24: 32.2 | O24: Diesel engine | P24: 11200 | Q24: Bureau Veritas | R24: 2006 | S24: 14.633 | T24: 120.811 | U24: Manila | V24: Metro Manila | W24: Manila Bay | X24: Manila Bay North Approach | Y24: 1.5 | Z24: 4 | AA24: Poor | AB24: Pacific Shipping Lines | AC24: +63 2 8123 4567 | AD24: Pacific Marine Operations | AE24: Port Area, Manila, Philippines | AF24: Subic | AG24: Manila | AH24: Subic-Manila inbound traffic lane | AI24: Bulk cargo | AJ24: 18,000 MT cement clinker | AK24: MARINA | AL24: Inter-agency Intake | AM24: Published | AN24: Bulk carrier collided with a fishing vessel at the edge of the Manila Bay north approach under patchy visibility. | AO24: 13:18 visibility reduced; 13:29 small target lost in clutter; 13:35 collision with fishing vessel. | AP24: Rescue boats were deployed immediately while the master stabilized the vessel and informed VTS. | AQ24: Communication Failure | Violation of Procedures | AR24: Navigation Error | AS24: Inadequate lookout reinforcement during poor visibility led to late detection of the fishing vessel crossing ahead. | AT24: Hull Damage | Third-Party Property | AU24: 22 | AV24: 0 | AW24: 2 | AX24: 6 | AY24: Require heightened lookout manning and fishing-vessel crossing advisories in Manila Bay during reduced visibility. | AZ24: VTS Playback | Rescue Summary | Fishing Vessel Statement
A25: INC-2025-000441 | B25: 45974.738 | C25: Fire/Explosion | D25: Fatality | E25: Very Serious | F25: MT Southern Crest | H25: Oil Tanker | I25: Singapore | J25: IMO 9612259 | K25: SG-TK-5517 | L25: 23110 | M25: 174.2 | N25: 28.6 | O25: Slow-speed marine diesel | P25: 9340 | Q25: Lloyd's Register | R25: 2012 | S25: 13.779 | T25: 121.083 | U25: Batangas | V25: Batangas | W25: Verde Island Passage | X25: Batangas-Calapan Transit Lane | Y25: 1.8 | Z25: 5 | AA25: Moderate | AB25: Southern Crest Tankers | AC25: +65 6883 5500 | AD25: Crest Offshore Management | AE25: Anson Road, Singapore | AF25: Batangas | AG25: Calapan | AH25: Verde Island Passage east-west corridor | AI25: Fuel / Oil | AJ25: 18,000 barrels bunker fuel | AK25: MARINA | AL25: Manual Encoding | AM25: Published | AN25: Pump room explosion injured multiple crew while the tanker transited a busy section of the Verde Island Passage. | AO25: 17:33 gas readings abnormal; 17:38 transfer line investigation; 17:42 flash explosion and compartment isolation. | AP25: Damage control teams sealed the space, treated casualties, and diverted the vessel clear of dense traffic. | AQ25: Inadequate Training | Violation of Procedures | AR25: Mechanical Failure | AS25: Vapor accumulation in the pump room ignited after a maintenance bypass left unsafe conditions uncorrected. | AT25: Equipment Damage | Hull Damage | AU25: 26 | AV25: 0 | AW25: 1 | AX25: 8 | AY25: Strengthen enclosed-space gas monitoring and maintenance authorization controls for tankers in high-traffic corridors. | AZ25: Gas Meter Log | Pump Room Inspection | Medical Evacuation Record
A26: INC-2025-000458 | B26: 45989.207 | C26: Collision | D26: None | E26: Near Miss | F26: MV Island Express | H26: Ferry | I26: Philippines | J26: IMO 9134452 | K26: OFN-55281 | L26: 8450 | M26: 118.4 | N26: 18.3 | O26: Twin diesel propulsion | P26: 6400 | Q26: Nippon Kaiji Kyokai | R26: 2011 | S26: 10.238 | T26: 123.951 | U26: Cebu | V26: Cebu | W26: Cebu Strait | X26: Cebu-Mactan Southern Approach | Y26: 1 | Z26: 3 | AA26: Good | AB26: Island Ferry Holdings | AC26: +63 32 455 1188 | AD26: Island Express Ferries | AE26: Pier 3, Cebu City, Philippines | AF26: Cebu | AG26: Ormoc | AH26: Cebu Strait domestic passenger corridor | AI26: Passengers | AJ26: 187 passengers with accompanied baggage | AK26: PCG | AL26: Mobile App | AM26: Under Review | AN26: Passenger ferry reported a near-miss crossing event with an outbound coaster near the Mactan approach. | AO26: 04:49 coaster acquired; 04:55 CPA reduced rapidly; 04:58 avoiding action passed clear with no contact. | AP26: Master filed a near-miss report on arrival and requested review of crossing traffic sequencing. | AQ26: Communication Failure | AR26: Navigation Error | AS26: Neither bridge established timely passing intentions despite converging tracks near a terminal approach. | AT26: None Reported | AU26: 15 | AV26: 187 | AW26: 0 | AX26: 0 | AY26: Use near-miss reporting to refine crossing management and VHF discipline in Cebu Strait. | AZ26: Near-Miss Report | AIS Replay | Bridge Watch Statement
A27: INC-2025-000476 | B27: 46007.386 | C27: Capsizing | D27: Fatality | E27: Serious | F27: FB Dona Pilar | H27: Fishing Vessel | I27: Philippines | K27: PH-FV-2201 | L27: 94 | M27: 25.7 | N27: 6.5 | O27: Marine diesel | P27: 470 | R27: 2005 | S27: 10.955 | T27: 125.552 | U27: Liloan | V27: Southern Leyte | W27: Surigao Strait | X27: Liloan-Surigao Crossing | Y27: 2.9 | Z27: 7 | AA27: Moderate | AB27: Pilar Deep Sea Ventures | AC27: +63 53 834 4482 | AD27: Pilar Deep Sea Ventures | AE27: Surigao Fishing Port, Surigao City, Philippines | AF27: Liloan | AG27: Surigao | AH27: Southern Leyte-Surigao strait crossing lane | AI27: Fish Catch | AJ27: 8 MT pelagic catch and fishing gear | AK27: PCG | AL27: Manual Encoding | AM27: Published | AN27: Small fishing vessel capsized after hauling a heavy catch close to the Surigao crossing lane. | AO27: 08:58 gear hauling started; 09:11 heel increased rapidly; 09:16 capsize and rescue by nearby banca. | AP27: Survivors clung to overturned hull until they were recovered by companion fishing craft. | AQ27: Violation of Procedures | AR27: Weather Conditions | AS27: Combined weight shift and quartering seas reduced stability below safe limits during hauling. | AT27: Hull Damage | Cargo Damage | AU27: 9 | AV27: 0 | AW27: 1 | AX27: 2 | AY27: Promote safe hauling envelopes and weather-go/no-go guidance for small fishing craft near Surigao Strait. | AZ27: Catch Log | Survivor Interview | Rescue Boat Track
A28: INC-2026-000021 | B28: 46030.606 | C28: Collision | D28: Injury | E28: Serious | F28: FB Santa Rosa | H28: Fishing Vessel | I28: Philippines | K28: PH-FV-11892 | L28: 110 | M28: 28.4 | N28: 6.9 | O28: Marine diesel | P28: 540 | R28: 2002 | S28: 9.682 | T28: 118.486 | U28: Puerto Princesa | V28: Palawan | W28: Palawan Approaches | X28: Puerto Princesa Western Approach | Y28: 1.7 | Z28: 5 | AA28: Moderate | AB28: Santa Rosa Fishing Cooperative | AC28: +63 78 889 2121 | AD28: Santa Rosa Fishing Cooperative | AE28: Aparri Fishing Port, Cagayan, Philippines | AF28: Cuyo | AG28: Puerto Princesa | AH28: West Palawan coastal approach lane | AI28: Fish Catch | AJ28: 12 MT mixed pelagic catch | AK28: PCG | AL28: Email Intake | AM28: Verified | AN28: Fishing vessel collided with a fast coastal passenger craft near the Puerto Princesa western approach. | AO28: 14:20 crossing target sighted; 14:29 horn signal exchanged late; 14:32 contact on fishing vessel stern quarter. | AP28: Passenger craft recovered injured fishermen and escorted the damaged vessel toward sheltered water. | AQ28: Communication Failure | Fatigue | AR28: Human Error | AS28: Both craft relied on visual passing assumptions without clear early communication of intentions. | AT28: Hull Damage | AU28: 10 | AV28: 0 | AW28: 0 | AX28: 2 | AY28: Increase small-craft and passenger-craft separation guidance in Puerto Princesa approaches. | AZ28: Damage Photos | Passenger Craft Statement | Rescue Coordination Log
A29: INC-2026-000044 | B29: 46046.098 | C29: Grounding | D29: None | E29: Less Serious | F29: MV Cargo Link | H29: Container Ship | I29: Panama | J29: IMO 9291173 | K29: PA-CS-4421 | L29: 18600 | M29: 172.3 | N29: 27.9 | O29: Diesel engine | P29: 10240 | Q29: DNV | R29: 2010 | S29: 6.846 | T29: 125.721 | U29: Davao | V29: Davao del Sur | W29: Davao Gulf | X29: Samal-Davao Pilotage Route | Y29: 1.2 | Z29: 3 | AA29: Good | AB29: Cargo Link Asia Ltd. | AC29: +507 206 8100 | AD29: Cargo Link Shipmanagement | AE29: Panama City, Panama | AF29: General Santos | AG29: Davao | AH29: Davao Gulf northbound merchant lane | AI29: Containers | AJ29: 1,240 TEU mixed consumer cargo | AK29: MARINA | AL29: Web Portal | AM29: Verified | AN29: Container ship brushed soft bottom while aligning with the pilot boarding lane in Davao Gulf. | AO29: 02:13 pilot boarding delayed; 02:19 drift developed; 02:21 soft grounding and immediate engine stop. | AP29: Vessel refloated on the next tide after draft checks confirmed no progressive damage. | AQ29: Violation of Procedures | AR29: Navigation Error | AS29: The vessel remained too close to the shallow lane edge while waiting for pilot instructions. | AT29: Hull Damage | AU29: 20 | AV29: 0 | AW29: 0 | AX29: 0 | AY29: Refine waiting area guidance and pilot boarding tracks for deep-draft arrivals in Davao Gulf. | AZ29: Draft Survey | Pilot Boarding Record | Track Plot
A30: INC-2026-000062 | B30: 46064.825 | C30: Machinery Failure | D30: Injury | E30: Serious | F30: MV Samar Venture | H30: Ferry | I30: Philippines | K30: PH-RORO-5612 | L30: 5120 | M30: 92.2 | N30: 16.7 | O30: Twin screw diesel | P30: 4680 | Q30: Bureau Veritas | R30: 2013 | S30: 12.79 | T30: 124.377 | U30: Matnog | V30: Sorsogon | W30: San Bernardino Strait | X30: Matnog-Allen Ferry Transit | Y30: 2.4 | Z30: 6 | AA30: Moderate | AB30: Eastern Nautical Transport | AC30: +63 56 812 9951 | AD30: Samar Venture Ferries | AE30: Matnog Ferry Terminal, Sorsogon, Philippines | AF30: Matnog | AG30: Allen | AH30: San Bernardino inter-island ferry route | AI30: Passengers | AJ30: 132 passengers and 28 rolling vehicles | AK30: PCG | AL30: Mobile App | AM30: Under Review | AN30: RoRo ferry lost one propulsion line while transiting the central San Bernardino Strait lane. | AO30: 19:37 abnormal vibration noted; 19:44 shaft protection trip; 19:48 reduced maneuverability declared. | AP30: Crew secured passengers, deployed standby anchors, and received escort from a coast guard patrol craft. | AQ30: Inadequate Training | AR30: Mechanical Failure | AS30: A bearing lubrication fault caused rapid overheating and forced shutdown of one propulsion train. | AT30: Equipment Damage | AU30: 18 | AV30: 132 | AW30: 0 | AX30: 3 | AY30: Review propulsion redundancy procedures and escort readiness for San Bernardino ferry services. | AZ30: Propulsion Alarm Log | Escort Dispatch Sheet | Passenger Advisory
A31: INC-2026-000083 | B31: 46080.248 | C31: Fire/Explosion | D31: Fatality | E31: Very Serious | F31: MT Southern Crest | H31: Oil Tanker | I31: Singapore | J31: IMO 9612259 | K31: SG-TK-5517 | L31: 23110 | M31: 174.2 | N31: 28.6 | O31: Slow-speed marine diesel | P31: 9340 | Q31: Lloyd's Register | R31: 2012 | S31: 8.552 | T31: 124.768 | U31: Cagayan de Oro | V31: Misamis Oriental | W31: Macajalar Bay | X31: Macajalar Bay Bulk Access Lane | Y31: 0.9 | Z31: 2 | AA31: Good | AB31: Southern Crest Tankers | AC31: +65 6883 5500 | AD31: Crest Offshore Management | AE31: Anson Road, Singapore | AF31: Iligan | AG31: Cagayan de Oro | AH31: Macajalar Bay industrial shipping lane | AI31: Fuel / Oil | AJ31: 18,000 barrels bunker fuel | AK31: MARINA | AL31: Inter-agency Intake | AM31: Published | AN31: Cargo pump motor fire escalated during pre-discharge checks at the outer Macajalar Bay anchorage. | AO31: 05:43 electrical fault warning; 05:52 smoke observed; 05:57 localized fire and emergency shutdown. | AP31: Fire team deployed breathing apparatus, isolated electrical feeds, and prevented escalation to cargo spaces. | AQ31: Inadequate Training | AR31: Mechanical Failure | AS31: Poor cable insulation and delayed isolation of the faulty motor allowed a localized fire to intensify. | AT31: Equipment Damage | AU31: 26 | AV31: 0 | AW31: 1 | AX31: 5 | AY31: Tighten electrical integrity inspections for tankers preparing for discharge at industrial anchorages. | AZ31: Motor Inspection Report | Fire Boundary Cooling Log | Anchorage Safety Notice
A32: INC-2026-000101 | B32: 46091.278 | C32: Collision | D32: Fatality | E32: Very Serious | F32: MV Pacific Trader | G32: MV Eastern Star | H32: Bulk Carrier | I32: Philippines | J32: IMO 9482713 | K32: PH-2026-7781 | L32: 25000 | M32: 189.6 | N32: 32.2 | O32: Diesel engine | P32: 11200 | Q32: Bureau Veritas | R32: 2006 | S32: 14.405 | T32: 120.839 | U32: Manila | V32: Metro Manila | W32: Manila Bay | X32: Manila Bay South Approach | Y32: 2.1 | Z32: 6 | AA32: Poor | AB32: Pacific Shipping Lines | AC32: +63 2 8123 4567 | AD32: Pacific Marine Operations | AE32: Port Area, Manila, Philippines | AF32: Batangas | AG32: Manila | AH32: Batangas-Manila gateway lane | AI32: Bulk cargo | AJ32: 18,000 MT cement clinker | AK32: MARINA | AL32: Inter-agency Intake | AM32: Under Review | AN32: Bulk carrier struck a wooden fishing vessel south of Corregidor while inbound through the Manila Bay gateway. | AO32: 06:22 low visibility advisory; 06:34 radar target correlation failed; 06:40 collision and immediate rescue operations. | AP32: Crew launched rescue boats, reported the casualty to VTS, and suspended the approach to preserve the incident scene. | AQ32: Communication Failure | Violation of Procedures | AR32: Navigation Error | AS32: Reduced visibility, incomplete small-target detection, and late speed reduction materially contributed to the collision. | AT32: Hull Damage | Third-Party Property | AU32: 22 | AV32: 0 | AW32: 3 | AX32: 7 | AY32: Introduce fishing-vessel density advisories and stricter reduced-visibility transit controls for Manila Bay approaches. | AZ32: Scene Photos | AIS Playback | Rescue Timeline
A33: INC-2026-000118 | B33: 46104.631 | C33: Person Overboard | D33: Fatality | E33: Serious | F33: MV SuperFerry 12 | H33: Ferry | I33: Philippines | K33: PH-RORO-8455 | L33: 7180 | M33: 116.1 | N33: 18.2 | O33: Twin diesel propulsion | P33: 6180 | Q33: ClassNK | R33: 2010 | S33: 9.803 | T33: 124.003 | U33: Tagbilaran | V33: Bohol | W33: Bohol Sea | X33: Cebu-Bohol Passenger Corridor | Y33: 1.8 | Z33: 5 | AA33: Moderate | AB33: National RoRo Services | AC33: +63 32 414 9200 | AD33: National RoRo Services | AE33: Cebu Domestic Port, Cebu, Philippines | AF33: Cebu | AG33: Tagbilaran | AH33: Cebu-Tagbilaran inter-island service lane | AI33: Passengers | AJ33: 145 passengers and mixed rolling cargo | AK33: PCG | AL33: Mobile App | AM33: Published | AN33: Passenger went overboard during afternoon transit between Cebu and Tagbilaran. | AO33: 14:56 seat check raised concern; 15:02 deck search started; 15:08 man overboard maneuver initiated. | AP33: Crew deployed rings, plotted drift, and coordinated nearby merchant traffic to widen the search box. | AQ33: Fatigue | AR33: Human Error | AS33: Delayed detection and insufficient control of open deck areas prolonged the response timeline. | AT33: None Reported | AU33: 18 | AV33: 145 | AW33: 1 | AX33: 0 | AY33: Increase deck patrol frequency and passenger safety messaging on open-deck ferry routes in the Bohol Sea. | AZ33: Muster Checklist | Drift Calculation | Passenger Interview Notes
A34: INC-2026-000134 | B34: 46117.313 | C34: Flooding | D34: None | E34: Less Serious | F34: MV Island Hopper | H34: Ferry | I34: Philippines | K34: PH-RORO-2024 | L34: 3960 | M34: 74.6 | N34: 14.1 | O34: Twin diesel propulsion | P34: 3210 | Q34: RINA | R34: 2014 | S34: 10.658 | T34: 122.57 | U34: Iloilo | V34: Iloilo | W34: Iloilo Strait | X34: Iloilo-Guimaras Transit Lane | Y34: 1.2 | Z34: 4 | AA34: Good | AB34: Archipelago Transport Link | AC34: +63 43 288 5221 | AD34: Archipelago Transport Link | AE34: Calapan Port Complex, Oriental Mindoro, Philippines | AF34: Iloilo | AG34: Bacolod | AH34: Panay-Negros coastal ferry lane | AI34: Passengers | AJ34: 82 passengers and 18 light vehicles | AK34: PCG | AL34: Email Intake | AM34: Verified | AN34: Repeat flooding event was recorded on a RoRo ferry during another short-haul Iloilo Strait service. | AO34: 07:20 spray ingress noted; 07:27 compartment rechecked; 07:31 pumps contained the ingress rate. | AP34: Crew returned to Iloilo for inspection before resuming service later in the day with reduced vehicle loading. | AQ34: Inadequate Training | AR34: Mechanical Failure | AS34: Deferred maintenance on a recurring seal issue allowed the defect to reappear under routine service conditions. | AT34: Equipment Damage | AU34: 12 | AV34: 82 | AW34: 0 | AX34: 0 | AY34: Use repeat-defect tracking to suspend vessels from service until recurring flooding defects are fully corrected. | AZ34: Repeat Defect Log | Repair Order | Service Suspension Note
A35: INC-2026-000149 | B35: 46131.999 | C35: Grounding | D35: Injury | E35: Serious | F35: MV Verde Logistics | H35: General Cargo | I35: Philippines | K35: PH-GC-8344 | L35: 5120 | M35: 91.2 | N35: 15.4 | O35: Marine diesel | P35: 4460 | Q35: ClassNK | R35: 2015 | S35: 13.752 | T35: 121.078 | U35: Batangas | V35: Batangas | W35: Verde Island Passage | X35: Batangas-Calapan Transit Lane | Y35: 1.6 | Z35: 4 | AA35: Moderate | AB35: Verde Coastal Logistics | AC35: +63 43 723 1180 | AD35: Verde Coastal Logistics | AE35: Batangas Port, Batangas, Philippines | AF35: Batangas | AG35: Calapan | AH35: Verde Island Passage east-west corridor | AI35: General Cargo | AJ35: 5,100 MT bagged feed and construction supplies | AK35: PCG | AL35: Web Portal | AM35: Under Review | AN35: General cargo vessel grounded again near the eastern Verde Passage after a night transit route deviation. | AO35: 23:41 route amendment requested; 23:52 shallow-water alarm; 23:58 grounding and engine stop. | AP35: Bridge team initiated soundings, contacted nearby traffic, and waited for daylight salvage assessment. | AQ35: Violation of Procedures | Fatigue | AR35: Navigation Error | AS35: The bridge team bypassed a route cross-check and relied on visual shoreline cues during night transit. | AT35: Hull Damage | AU35: 16 | AV35: 0 | AW35: 0 | AX35: 2 | AY35: Flag repeat grounding patterns in the Verde Passage and prioritize night-navigation compliance inspections. | AZ35: Night Track Replay | Sounding Log | Salvage Assessment
A36: INC-2026-000164 | B36: 46144.489 | C36: Capsizing | D36: Fatality | E36: Very Serious | F36: FB San Miguel | H36: Fishing Vessel | I36: Philippines | K36: PH-FV-8743 | L36: 82 | M36: 24.1 | N36: 6.2 | O36: Marine diesel | P36: 430 | R36: 2004 | S36: 6.85 | T36: 125.76 | U36: Davao | V36: Davao del Sur | W36: Davao Gulf | X36: Samal-Davao Pilotage Route | Y36: 3.4 | Z36: 8 | AA36: Poor | AB36: San Miguel Fisheries | AC36: +63 82 225 9167 | AD36: San Miguel Fisheries | AE36: Davao Fish Port, Davao City, Philippines | AF36: General Santos | AG36: Davao | AH36: Davao Gulf northbound merchant lane | AI36: Fish Catch | AJ36: 7 MT tuna and mixed catch | AK36: PCG | AL36: Manual Encoding | AM36: Published | AN36: Fishing vessel capsized during squall conditions near the eastern edge of the Davao Gulf pilotage route. | AO36: 11:28 squall line entered gulf; 11:39 heavy heel reported; 11:44 capsize and distress call lost. | AP36: Companion vessels commenced local search before formal SAR units arrived from Davao. | AQ36: Violation of Procedures | AR36: Weather Conditions | AS36: The vessel remained underway in a fast-moving squall despite available shelter inside the gulf. | AT36: Total Loss | AU36: 8 | AV36: 0 | AW36: 3 | AX36: 0 | AY36: Strengthen squall-warning dissemination and sheltering procedures for small craft inside Davao Gulf. | AZ36: Squall Advisory | SAR Log | Survivor Debrief
A37: INC-2026-000183 | B37: 46160.15 | C37: Collision | D37: Injury | E37: Serious | F37: MV Visayan Princess | H37: Passenger Vessel | I37: Philippines | J37: IMO 9006173 | K37: PH-PAX-4412 | L37: 6720 | M37: 109.3 | N37: 17.6 | O37: Dual diesel propulsion | P37: 5810 | Q37: RINA | R37: 2009 | S37: 10.199 | T37: 123.929 | U37: Cebu | V37: Cebu | W37: Cebu Strait | X37: Cebu-Mactan Southern Approach | Y37: 1.5 | Z37: 4 | AA37: Moderate | AB37: Visayan Coastal Lines | AC37: +63 32 332 7777 | AD37: Visayan Passenger Shipping | AE37: North Reclamation Area, Cebu City, Philippines | AF37: Cebu | AG37: Ormoc | AH37: Cebu Strait domestic passenger corridor | AI37: Passengers | AJ37: 126 passengers and light vehicle deck cargo | AK37: PCG | AL37: Inter-agency Intake | AM37: Published | AN37: Passenger vessel struck a small inter-island cargo craft while overtaking south of Mactan. | AO37: 03:24 overtaking initiated; 03:31 cargo craft altered slightly; 03:36 side contact and stoppage. | AP37: Both vessels separated safely and the passenger vessel rendered assistance before resuming escorted transit. | AQ37: Communication Failure | AR37: Navigation Error | AS37: Late overtaking communication and insufficient passing distance led to side contact in confined water. | AT37: Hull Damage | Third-Party Property | AU37: 16 | AV37: 126 | AW37: 0 | AX37: 4 | AY37: Review overtaking practices and mandatory reporting points for mixed traffic in Cebu Strait. | AZ37: Overtaking Report | Port Control Recording | Damage Survey
A38: INC-2026-000207 | B38: 46174.84 | C38: Machinery Failure | D38: None | E38: Less Serious | F38: MV Cargo Link | H38: Container Ship | I38: Panama | J38: IMO 9291173 | K38: PA-CS-4421 | L38: 18600 | M38: 172.3 | N38: 27.9 | O38: Diesel engine | P38: 10240 | Q38: DNV | R38: 2010 | S38: 14.666 | T38: 120.802 | U38: Manila | V38: Metro Manila | W38: Manila Bay | X38: Manila Bay North Approach | Y38: 1.2 | Z38: 3 | AA38: Good | AB38: Cargo Link Asia Ltd. | AC38: +507 206 8100 | AD38: Cargo Link Shipmanagement | AE38: Panama City, Panama | AF38: Subic | AG38: Manila | AH38: Subic-Manila inbound traffic lane | AI38: Containers | AJ38: 1,240 TEU mixed consumer cargo | AK38: MARINA | AL38: Web Portal | AM38: Verified | AN38: Container ship lost one generator set while queueing in the Manila Bay north approach anchorage lane. | AO38: 19:58 electrical load fluctuation; 20:05 generator trip; 20:09 redundancy restored and anchorage maintained. | AP38: Engineering watch redistributed loads and deferred movement until shore support cleared the vessel to continue. | AQ38: Inadequate Training | AR38: Mechanical Failure | AS38: Fuel contamination caused unstable generator performance under anchorage hotel load conditions. | AT38: Equipment Damage | AU38: 20 | AV38: 0 | AW38: 0 | AX38: 0 | AY38: Require fuel quality and standby-power checks for container vessels awaiting entry into Manila Bay. | AZ38: Generator Alarm Log | Fuel Sample Note | Anchorage Clearance

Sheet Lookups
A1: Lookup Tables
A2: Model assumptions and categorical mappings mirrored from the mockup logic.
A4: Province to Region | D4: Fallback Cause by Incident Type | G4: Fallback Behavior by Cause | J4: Fallback Cargo by Vessel Type | M4: Fallback Year Built by Vessel Type | P4: Severity Weights | T4: Season Order | U4: Visibility Order
A5: Province | B5: Region | D5: Incident Type | E5: Fallback Cause | G5: Cause | H5: Fallback Behavior | J5: Vessel Type | K5: Fallback Cargo | M5: Vessel Type | N5: Fallback Year Built | P5: Severity | Q5: Weight | R5: Color | T5: Northeast Monsoon | U5: Good
A6: Metro Manila | B6: Luzon | D6: Collision | E6: Navigation Error | G6: Navigation Error | H6: Communication Failure | Violation of Procedures | J6: Ferry | K6: Passengers | M6: Ferry | N6: 2009 | P6: Very Serious | Q6: 4 | R6: #991B1B | T6: Transition Season | U6: Moderate
A7: Batangas | B7: Luzon | D7: Grounding | E7: Navigation Error | G7: Mechanical Failure | H7: Inadequate Training | J7: Fishing Vessel | K7: Fish Catch | M7: Fishing Vessel | N7: 2001 | P7: Serious | Q7: 3 | R7: #DC2626 | T7: Southwest Monsoon | U7: Poor
A8: Cebu | B8: Visayas | D8: Sinking | E8: Weather Conditions | G8: Weather Conditions | H8: Communication Failure | Violation of Procedures | J8: Container Ship | K8: Containers | M8: Container Ship | N8: 2010 | P8: Less Serious | Q8: 2 | R8: #F97316 | T8: Typhoon Season | U8: Very Poor
A9: Bohol | B9: Visayas | D9: Fire/Explosion | E9: Mechanical Failure | G9: Human Error | H9: Fatigue | Violation of Procedures | J9: Oil Tanker | K9: Fuel / Oil | M9: Oil Tanker | N9: 2007 | P9: Near Miss | Q9: 1 | R9: #F59E0B
A10: Albay | B10: Luzon | D10: Capsizing | E10: Weather Conditions | G10: Under Investigation | J10: Bulk Carrier | K10: Bulk Cargo | M10: Bulk Carrier | N10: 2005
A11: Davao del Sur | B11: Mindanao | D11: Flooding | E11: Mechanical Failure | J11: General Cargo | K11: General Cargo | M11: General Cargo | N11: 2008
A12: Leyte | B12: Visayas | D12: Swamping | E12: Weather Conditions | J12: Passenger Vessel | K12: Passengers | M12: Passenger Vessel | N12: 2012
A13: Southern Leyte | B13: Visayas | D13: Machinery Failure | E13: Mechanical Failure
A14: Palawan | B14: Luzon | D14: Person Overboard | E14: Human Error
A15: Cagayan | B15: Luzon | D15: Pollution Incident | E15: Mechanical Failure
A16: Oriental Mindoro | B16: Luzon
A17: Misamis Oriental | B17: Mindanao
A18: Sorsogon | B18: Luzon
A19: Iloilo | B19: Visayas

Sheet Enriched
A1: Enriched Incident Model
A2: Formula-driven transformation layer matching the mockup's derived analytics fields.
A4: Incident ID | B4: Incident DateTime | C4: Incident Type | D4: Severity | E4: Vessel Type | F4: Authority | G4: Status | H4: Province | I4: Sea Area Resolved | J4: Corridor Resolved | K4: Region | L4: Visibility | M4: Month Label | N4: Month Key | O4: Year | P4: Season | Q4: Primary Cause Resolved | R4: Crew Behavior Factors Resolved | S4: Cargo Type Resolved | T4: Vessel Age Years | U4: Fatalities | V4: Injuries | W4: Casualty Count | X4: Severity Weight | Y4: Risk Index | Z4: Registry ID Captured | AA4: Voyage Captured | AB4: Weather Captured | AC4: Route Label | AD4: Standardization Score | AE4: Linked Evidence Flag | AF4: Review Matured Flag | AG4: Narrative | AH4: Vessel Name | AI4: Latitude | AJ4: Longitude | AK4: Reporting Method
A5: =Raw_Incidents!A5 -> INC-2025-000101 | B5: =Raw_Incidents!B5 -> 45669.184 | C5: =Raw_Incidents!C5 -> Collision | D5: =Raw_Incidents!E5 -> Serious | E5: =Raw_Incidents!H5 -> Bulk Carrier | F5: =Raw_Incidents!AK5 -> MARINA | G5: =Raw_Incidents!AM5 -> Published | H5: =Raw_Incidents!V5 -> Metro Manila | I5: =IF(Raw_Incidents!W5<>"",Raw_Incidents!W5,Raw_Incidents!U5) -> Manila Bay | J5: =IF(Raw_Incidents!X5<>"",Raw_Incidents!X5,IF(Raw_Incidents!AH5<>"",Raw_Incidents!AH5,IF(AND(Raw_Incidents!AF5<>"",Raw_Incidents!AG5<>""),Raw_Incidents!AF5&" to "&Raw_Incidents!AG5,"Corridor pending"))) -> Manila Bay North Approach | K5: =IFERROR(INDEX(Lookups!$B$6:$B$19,MATCH(Raw_Incidents!V5,Lookups!$A$6:$A$19,0)),"National") -> Luzon | L5: =Raw_Incidents!AA5 -> Moderate | M5: =TEXT(B5,"mmm yy") -> Jan 25 | N5: =TEXT(B5,"yyyy-mm") -> 2025-01 | O5: =YEAR(B5) -> 2025 | P5: =IF(OR(MONTH(B5)=12,MONTH(B5)<=2),"Northeast Monsoon",IF(AND(MONTH(B5)>=3,MONTH(B5)<=5),"Transition Season",IF(AND(MONTH(B5)>=6,MONTH(B5)<=9),"Southwest Monsoon","Typhoon Season"))) -> Northeast Monsoon | Q5: =IF(Raw_Incidents!AR5<>"",Raw_Incidents!AR5,IFERROR(INDEX(Lookups!$E$6:$E$15,MATCH(C5,Lookups!$D$6:$D$15,0)),"Under Investigation")) -> Navigation Error | R5: =IF(Raw_Incidents!AQ5<>"",Raw_Incidents!AQ5,IFERROR(INDEX(Lookups!$H$6:$H$10,MATCH(Q5,Lookups!$G$6:$G$10,0)),"")) -> Communication Failure | Violation of Procedures | S5: =IF(Raw_Incidents!AI5<>"",Raw_Incidents!AI5,IFERROR(INDEX(Lookups!$K$6:$K$12,MATCH(E5,Lookups!$J$6:$J$12,0)),"General Cargo")) -> Bulk cargo | T5: =MAX(YEAR(TODAY())-IF(Raw_Incidents!R5<>"",Raw_Incidents!R5,IFERROR(INDEX(Lookups!$N$6:$N$12,MATCH(E5,Lookups!$M$6:$M$12,0)),2010)),0) -> 20 | U5: =Raw_Incidents!AW5 -> 0 | V5: =Raw_Incidents!AX5 -> 2 | W5: =U5+V5 -> 2 | X5: =IFERROR(INDEX(Lookups!$Q$6:$Q$9,MATCH(D5,Lookups!$P$6:$P$9,0)),1) -> 3 | Y5: =X5*MAX(W5,1) -> 6 | Z5: =--OR(Raw_Incidents!J5<>"",Raw_Incidents!K5<>"") -> 1 | AA5: =--AND(Raw_Incidents!AF5<>"",Raw_Incidents!AG5<>"") -> 1 | AB5: =--AND(ISNUMBER(Raw_Incidents!Y5),ISNUMBER(Raw_Incidents!Z5),Raw_Incidents!AA5<>"") -> 1 | AC5: =IF(Raw_Incidents!AH5<>"",Raw_Incidents!AH5,IF(AND(Raw_Incidents!AF5<>"",Raw_Incidents!AG5<>""),Raw_Incidents!AF5&" to "&Raw_Incidents!AG5,"Route pending")) -> Subic-Manila inbound traffic lane | AD5: =ROUND((--(B5<>"")+--(C5<>"")+--(D5<>"")+--(Raw_Incidents!S5<>"")+--(Raw_Incidents!T5<>"")+--(Raw_Incidents!U5<>"")+--(H5<>"")+AB5+--(Raw_Incidents!F5<>"")+--(Raw_Incidents!I5<>"")+Z5+AA5+--(Raw_Incidents!AI5<>"")+--(Raw_Incidents!AN5<>"")+--(F5<>""))/15*100,0) -> 100 | AE5: =--(Raw_Incidents!AZ5<>"") -> 1 | AF5: =--OR(G5="Verified",G5="Published") -> 1 | AG5: =Raw_Incidents!AN5 -> Bulk carrier made contact with a harbor support craft while inbound to Manila Bay under congested traffic conditions. | AH5: =Raw_Incidents!F5 -> MV Pacific Trader | AI5: =Raw_Incidents!S5 -> 14.663 | AJ5: =Raw_Incidents!T5 -> 120.762 | AK5: =Raw_Incidents!AL5 -> Web Portal
A6: =Raw_Incidents!A6 -> INC-2025-000118 | B6: =Raw_Incidents!B6 -> 45685.444 | C6: =Raw_Incidents!C6 -> Fire/Explosion | D6: =Raw_Incidents!E6 -> Serious | E6: =Raw_Incidents!H6 -> Oil Tanker | F6: =Raw_Incidents!AK6 -> MARINA | G6: =Raw_Incidents!AM6 -> Under Review | H6: =Raw_Incidents!V6 -> Batangas | I6: =IF(Raw_Incidents!W6<>"",Raw_Incidents!W6,Raw_Incidents!U6) -> Verde Island Passage | J6: =IF(Raw_Incidents!X6<>"",Raw_Incidents!X6,IF(Raw_Incidents!AH6<>"",Raw_Incidents!AH6,IF(AND(Raw_Incidents!AF6<>"",Raw_Incidents!AG6<>""),Raw_Incidents!AF6&" to "&Raw_Incidents!AG6,"Corridor pending"))) -> Batangas-Calapan Transit Lane | K6: =IFERROR(INDEX(Lookups!$B$6:$B$19,MATCH(Raw_Incidents!V6,Lookups!$A$6:$A$19,0)),"National") -> Luzon | L6: =Raw_Incidents!AA6 -> Good | M6: =TEXT(B6,"mmm yy") -> Jan 25 | N6: =TEXT(B6,"yyyy-mm") -> 2025-01 | O6: =YEAR(B6) -> 2025 | P6: =IF(OR(MONTH(B6)=12,MONTH(B6)<=2),"Northeast Monsoon",IF(AND(MONTH(B6)>=3,MONTH(B6)<=5),"Transition Season",IF(AND(MONTH(B6)>=6,MONTH(B6)<=9),"Southwest Monsoon","Typhoon Season"))) -> Northeast Monsoon | Q6: =IF(Raw_Incidents!AR6<>"",Raw_Incidents!AR6,IFERROR(INDEX(Lookups!$E$6:$E$15,MATCH(C6,Lookups!$D$6:$D$15,0)),"Under Investigation")) -> Mechanical Failure | R6: =IF(Raw_Incidents!AQ6<>"",Raw_Incidents!AQ6,IFERROR(INDEX(Lookups!$H$6:$H$10,MATCH(Q6,Lookups!$G$6:$G$10,0)),"")) -> Inadequate Training | S6: =IF(Raw_Incidents!AI6<>"",Raw_Incidents!AI6,IFERROR(INDEX(Lookups!$K$6:$K$12,MATCH(E6,Lookups!$J$6:$J$12,0)),"General Cargo")) -> Fuel / Oil | T6: =MAX(YEAR(TODAY())-IF(Raw_Incidents!R6<>"",Raw_Incidents!R6,IFERROR(INDEX(Lookups!$N$6:$N$12,MATCH(E6,Lookups!$M$6:$M$12,0)),2010)),0) -> 18 | U6: =Raw_Incidents!AW6 -> 0 | V6: =Raw_Incidents!AX6 -> 4 | W6: =U6+V6 -> 4 | X6: =IFERROR(INDEX(Lookups!$Q$6:$Q$9,MATCH(D6,Lookups!$P$6:$P$9,0)),1) -> 3 | Y6: =X6*MAX(W6,1) -> 12 | Z6: =--OR(Raw_Incidents!J6<>"",Raw_Incidents!K6<>"") -> 1 | AA6: =--AND(Raw_Incidents!AF6<>"",Raw_Incidents!AG6<>"") -> 1 | AB6: =--AND(ISNUMBER(Raw_Incidents!Y6),ISNUMBER(Raw_Incidents!Z6),Raw_Incidents!AA6<>"") -> 1 | AC6: =IF(Raw_Incidents!AH6<>"",Raw_Incidents!AH6,IF(AND(Raw_Incidents!AF6<>"",Raw_Incidents!AG6<>""),Raw_Incidents!AF6&" to "&Raw_Incidents!AG6,"Route pending")) -> Verde Island Passage east-west corridor | AD6: =ROUND((--(B6<>"")+--(C6<>"")+--(D6<>"")+--(Raw_Incidents!S6<>"")+--(Raw_Incidents!T6<>"")+--(Raw_Incidents!U6<>"")+--(H6<>"")+AB6+--(Raw_Incidents!F6<>"")+--(Raw_Incidents!I6<>"")+Z6+AA6+--(Raw_Incidents!AI6<>"")+--(Raw_Incidents!AN6<>"")+--(F6<>""))/15*100,0) -> 100 | AE6: =--(Raw_Incidents!AZ6<>"") -> 1 | AF6: =--OR(G6="Verified",G6="Published") -> 0 | AG6: =Raw_Incidents!AN6 -> Localized purifier room fire was contained while the tanker transited the Verde Island Passage. | AH6: =Raw_Incidents!F6 -> MT Ocean Star | AI6: =Raw_Incidents!S6 -> 13.758 | AJ6: =Raw_Incidents!T6 -> 121.076 | AK6: =Raw_Incidents!AL6 -> Inter-agency Intake
A7: =Raw_Incidents!A7 -> INC-2025-000133 | B7: =Raw_Incidents!B7 -> 45694.01 | C7: =Raw_Incidents!C7 -> Grounding | D7: =Raw_Incidents!E7 -> Serious | E7: =Raw_Incidents!H7 -> Ferry | F7: =Raw_Incidents!AK7 -> PCG | G7: =Raw_Incidents!AM7 -> Verified | H7: =Raw_Incidents!V7 -> Cebu | I7: =IF(Raw_Incidents!W7<>"",Raw_Incidents!W7,Raw_Incidents!U7) -> Cebu Strait | J7: =IF(Raw_Incidents!X7<>"",Raw_Incidents!X7,IF(Raw_Incidents!AH7<>"",Raw_Incidents!AH7,IF(AND(Raw_Incidents!AF7<>"",Raw_Incidents!AG7<>""),Raw_Incidents!AF7&" to "&Raw_Incidents!AG7,"Corridor pending"))) -> Cebu-Mactan Southern Approach | K7: =IFERROR(INDEX(Lookups!$B$6:$B$19,MATCH(Raw_Incidents!V7,Lookups!$A$6:$A$19,0)),"National") -> Visayas | L7: =Raw_Incidents!AA7 -> Good | M7: =TEXT(B7,"mmm yy") -> Feb 25 | N7: =TEXT(B7,"yyyy-mm") -> 2025-02 | O7: =YEAR(B7) -> 2025 | P7: =IF(OR(MONTH(B7)=12,MONTH(B7)<=2),"Northeast Monsoon",IF(AND(MONTH(B7)>=3,MONTH(B7)<=5),"Transition Season",IF(AND(MONTH(B7)>=6,MONTH(B7)<=9),"Southwest Monsoon","Typhoon Season"))) -> Northeast Monsoon | Q7: =IF(Raw_Incidents!AR7<>"",Raw_Incidents!AR7,IFERROR(INDEX(Lookups!$E$6:$E$15,MATCH(C7,Lookups!$D$6:$D$15,0)),"Under Investigation")) -> Navigation Error | R7: =IF(Raw_Incidents!AQ7<>"",Raw_Incidents!AQ7,IFERROR(INDEX(Lookups!$H$6:$H$10,MATCH(Q7,Lookups!$G$6:$G$10,0)),"")) -> Violation of Procedures | S7: =IF(Raw_Incidents!AI7<>"",Raw_Incidents!AI7,IFERROR(INDEX(Lookups!$K$6:$K$12,MATCH(E7,Lookups!$J$6:$J$12,0)),"General Cargo")) -> Passengers | T7: =MAX(YEAR(TODAY())-IF(Raw_Incidents!R7<>"",Raw_Incidents!R7,IFERROR(INDEX(Lookups!$N$6:$N$12,MATCH(E7,Lookups!$M$6:$M$12,0)),2010)),0) -> 15 | U7: =Raw_Incidents!AW7 -> 0 | V7: =Raw_Incidents!AX7 -> 3 | W7: =U7+V7 -> 3 | X7: =IFERROR(INDEX(Lookups!$Q$6:$Q$9,MATCH(D7,Lookups!$P$6:$P$9,0)),1) -> 3 | Y7: =X7*MAX(W7,1) -> 9 | Z7: =--OR(Raw_Incidents!J7<>"",Raw_Incidents!K7<>"") -> 1 | AA7: =--AND(Raw_Incidents!AF7<>"",Raw_Incidents!AG7<>"") -> 1 | AB7: =--AND(ISNUMBER(Raw_Incidents!Y7),ISNUMBER(Raw_Incidents!Z7),Raw_Incidents!AA7<>"") -> 1 | AC7: =IF(Raw_Incidents!AH7<>"",Raw_Incidents!AH7,IF(AND(Raw_Incidents!AF7<>"",Raw_Incidents!AG7<>""),Raw_Incidents!AF7&" to "&Raw_Incidents!AG7,"Route pending")) -> Cebu Strait domestic passenger corridor | AD7: =ROUND((--(B7<>"")+--(C7<>"")+--(D7<>"")+--(Raw_Incidents!S7<>"")+--(Raw_Incidents!T7<>"")+--(Raw_Incidents!U7<>"")+--(H7<>"")+AB7+--(Raw_Incidents!F7<>"")+--(Raw_Incidents!I7<>"")+Z7+AA7+--(Raw_Incidents!AI7<>"")+--(Raw_Incidents!AN7<>"")+--(F7<>""))/15*100,0) -> 100 | AE7: =--(Raw_Incidents!AZ7<>"") -> 1 | AF7: =--OR(G7="Verified",G7="Published") -> 1 | AG7: =Raw_Incidents!AN7 -> Passenger ferry grounded on a shoal after deviating slightly south of the recommended approach track. | AH7: =Raw_Incidents!F7 -> MV Island Express | AI7: =Raw_Incidents!S7 -> 10.231 | AJ7: =Raw_Incidents!T7 -> 123.931 | AK7: =Raw_Incidents!AL7 -> Mobile App
A8: =Raw_Incidents!A8 -> INC-2025-000147 | B8: =Raw_Incidents!B8 -> 45706.538 | C8: =Raw_Incidents!C8 -> Person Overboard | D8: =Raw_Incidents!E8 -> Serious | E8: =Raw_Incidents!H8 -> Passenger Vessel | F8: =Raw_Incidents!AK8 -> PCG | G8: =Raw_Incidents!AM8 -> Published | H8: =Raw_Incidents!V8 -> Palawan | I8: =IF(Raw_Incidents!W8<>"",Raw_Incidents!W8,Raw_Incidents!U8) -> Palawan Approaches | J8: =IF(Raw_Incidents!X8<>"",Raw_Incidents!X8,IF(Raw_Incidents!AH8<>"",Raw_Incidents!AH8,IF(AND(Raw_Incidents!AF8<>"",Raw_Incidents!AG8<>""),Raw_Incidents!AF8&" to "&Raw_Incidents!AG8,"Corridor pending"))) -> Puerto Princesa Western Approach | K8: =IFERROR(INDEX(Lookups!$B$6:$B$19,MATCH(Raw_Incidents!V8,Lookups!$A$6:$A$19,0)),"National") -> Luzon | L8: =Raw_Incidents!AA8 -> Good | M8: =TEXT(B8,"mmm yy") -> Feb 25 | N8: =TEXT(B8,"yyyy-mm") -> 2025-02 | O8: =YEAR(B8) -> 2025 | P8: =IF(OR(MONTH(B8)=12,MONTH(B8)<=2),"Northeast Monsoon",IF(AND(MONTH(B8)>=3,MONTH(B8)<=5),"Transition Season",IF(AND(MONTH(B8)>=6,MONTH(B8)<=9),"Southwest Monsoon","Typhoon Season"))) -> Northeast Monsoon | Q8: =IF(Raw_Incidents!AR8<>"",Raw_Incidents!AR8,IFERROR(INDEX(Lookups!$E$6:$E$15,MATCH(C8,Lookups!$D$6:$D$15,0)),"Under Investigation")) -> Human Error | R8: =IF(Raw_Incidents!AQ8<>"",Raw_Incidents!AQ8,IFERROR(INDEX(Lookups!$H$6:$H$10,MATCH(Q8,Lookups!$G$6:$G$10,0)),"")) -> Fatigue | S8: =IF(Raw_Incidents!AI8<>"",Raw_Incidents!AI8,IFERROR(INDEX(Lookups!$K$6:$K$12,MATCH(E8,Lookups!$J$6:$J$12,0)),"General Cargo")) -> Passengers | T8: =MAX(YEAR(TODAY())-IF(Raw_Incidents!R8<>"",Raw_Incidents!R8,IFERROR(INDEX(Lookups!$N$6:$N$12,MATCH(E8,Lookups!$M$6:$M$12,0)),2010)),0) -> 17 | U8: =Raw_Incidents!AW8 -> 1 | V8: =Raw_Incidents!AX8 -> 0 | W8: =U8+V8 -> 1 | X8: =IFERROR(INDEX(Lookups!$Q$6:$Q$9,MATCH(D8,Lookups!$P$6:$P$9,0)),1) -> 3 | Y8: =X8*MAX(W8,1) -> 3 | Z8: =--OR(Raw_Incidents!J8<>"",Raw_Incidents!K8<>"") -> 1 | AA8: =--AND(Raw_Incidents!AF8<>"",Raw_Incidents!AG8<>"") -> 1 | AB8: =--AND(ISNUMBER(Raw_Incidents!Y8),ISNUMBER(Raw_Incidents!Z8),Raw_Incidents!AA8<>"") -> 1 | AC8: =IF(Raw_Incidents!AH8<>"",Raw_Incidents!AH8,IF(AND(Raw_Incidents!AF8<>"",Raw_Incidents!AG8<>""),Raw_Incidents!AF8&" to "&Raw_Incidents!AG8,"Route pending")) -> West Palawan coastal approach lane | AD8: =ROUND((--(B8<>"")+--(C8<>"")+--(D8<>"")+--(Raw_Incidents!S8<>"")+--(Raw_Incidents!T8<>"")+--(Raw_Incidents!U8<>"")+--(H8<>"")+AB8+--(Raw_Incidents!F8<>"")+--(Raw_Incidents!I8<>"")+Z8+AA8+--(Raw_Incidents!AI8<>"")+--(Raw_Incidents!AN8<>"")+--(F8<>""))/15*100,0) -> 100 | AE8: =--(Raw_Incidents!AZ8<>"") -> 1 | AF8: =--OR(G8="Verified",G8="Published") -> 1 | AG8: =Raw_Incidents!AN8 -> Passenger was reported missing shortly after sunset during the western approach to Puerto Princesa. | AH8: =Raw_Incidents!F8 -> MV Visayan Princess | AI8: =Raw_Incidents!S8 -> 9.696 | AJ8: =Raw_Incidents!T8 -> 118.491 | AK8: =Raw_Incidents!AL8 -> Email Intake
A9: =Raw_Incidents!A9 -> INC-2025-000163 | B9: =Raw_Incidents!B9 -> 45719.889 | C9: =Raw_Incidents!C9 -> Sinking | D9: =Raw_Incidents!E9 -> Very Serious | E9: =Raw_Incidents!H9 -> Fishing Vessel | F9: =Raw_Incidents!AK9 -> PCG | G9: =Raw_Incidents!AM9 -> Published | H9: =Raw_Incidents!V9 -> Southern Leyte | I9: =IF(Raw_Incidents!W9<>"",Raw_Incidents!W9,Raw_Incidents!U9) -> Surigao Strait | J9: =IF(Raw_Incidents!X9<>"",Raw_Incidents!X9,IF(Raw_Incidents!AH9<>"",Raw_Incidents!AH9,IF(AND(Raw_Incidents!AF9<>"",Raw_Incidents!AG9<>""),Raw_Incidents!AF9&" to "&Raw_Incidents!AG9,"Corridor pending"))) -> Liloan-Surigao Crossing | K9: =IFERROR(INDEX(Lookups!$B$6:$B$19,MATCH(Raw_Incidents!V9,Lookups!$A$6:$A$19,0)),"National") -> Visayas | L9: =Raw_Incidents!AA9 -> Poor | M9: =TEXT(B9,"mmm yy") -> Mar 25 | N9: =TEXT(B9,"yyyy-mm") -> 2025-03 | O9: =YEAR(B9) -> 2025 | P9: =IF(OR(MONTH(B9)=12,MONTH(B9)<=2),"Northeast Monsoon",IF(AND(MONTH(B9)>=3,MONTH(B9)<=5),"Transition Season",IF(AND(MONTH(B9)>=6,MONTH(B9)<=9),"Southwest Monsoon","Typhoon Season"))) -> Transition Season | Q9: =IF(Raw_Incidents!AR9<>"",Raw_Incidents!AR9,IFERROR(INDEX(Lookups!$E$6:$E$15,MATCH(C9,Lookups!$D$6:$D$15,0)),"Under Investigation")) -> Weather Conditions | R9: =IF(Raw_Incidents!AQ9<>"",Raw_Incidents!AQ9,IFERROR(INDEX(Lookups!$H$6:$H$10,MATCH(Q9,Lookups!$G$6:$G$10,0)),"")) -> Violation of Procedures | Communication Failure | S9: =IF(Raw_Incidents!AI9<>"",Raw_Incidents!AI9,IFERROR(INDEX(Lookups!$K$6:$K$12,MATCH(E9,Lookups!$J$6:$J$12,0)),"General Cargo")) -> Fish Catch | T9: =MAX(YEAR(TODAY())-IF(Raw_Incidents!R9<>"",Raw_Incidents!R9,IFERROR(INDEX(Lookups!$N$6:$N$12,MATCH(E9,Lookups!$M$6:$M$12,0)),2010)),0) -> 24 | U9: =Raw_Incidents!AW9 -> 3 | V9: =Raw_Incidents!AX9 -> 2 | W9: =U9+V9 -> 5 | X9: =IFERROR(INDEX(Lookups!$Q$6:$Q$9,MATCH(D9,Lookups!$P$6:$P$9,0)),1) -> 4 | Y9: =X9*MAX(W9,1) -> 20 | Z9: =--OR(Raw_Incidents!J9<>"",Raw_Incidents!K9<>"") -> 1 | AA9: =--AND(Raw_Incidents!AF9<>"",Raw_Incidents!AG9<>"") -> 1 | AB9: =--AND(ISNUMBER(Raw_Incidents!Y9),ISNUMBER(Raw_Incidents!Z9),Raw_Incidents!AA9<>"") -> 1 | AC9: =IF(Raw_Incidents!AH9<>"",Raw_Incidents!AH9,IF(AND(Raw_Incidents!AF9<>"",Raw_Incidents!AG9<>""),Raw_Incidents!AF9&" to "&Raw_Incidents!AG9,"Route pending")) -> Southern Leyte-Surigao strait crossing lane | AD9: =ROUND((--(B9<>"")+--(C9<>"")+--(D9<>"")+--(Raw_Incidents!S9<>"")+--(Raw_Incidents!T9<>"")+--(Raw_Incidents!U9<>"")+--(H9<>"")+AB9+--(Raw_Incidents!F9<>"")+--(Raw_Incidents!I9<>"")+Z9+AA9+--(Raw_Incidents!AI9<>"")+--(Raw_Incidents!AN9<>"")+--(F9<>""))/15*100,0) -> 100 | AE9: =--(Raw_Incidents!AZ9<>"") -> 1 | AF9: =--OR(G9="Verified",G9="Published") -> 1 | AG9: =Raw_Incidents!AN9 -> Fishing vessel took repeated boarding seas and sank while crossing the eastern edge of the Surigao Strait traffic lane. | AH9: =Raw_Incidents!F9 -> FB Santa Rosa | AI9: =Raw_Incidents!S9 -> 10.949 | AJ9: =Raw_Incidents!T9 -> 125.574 | AK9: =Raw_Incidents!AL9 -> Manual Encoding
A10: =Raw_Incidents!A10 -> INC-2025-000181 | B10: =Raw_Incidents!B10 -> 45732.354 | C10: =Raw_Incidents!C10 -> Capsizing | D10: =Raw_Incidents!E10 -> Very Serious | E10: =Raw_Incidents!H10 -> Fishing Vessel | F10: =Raw_Incidents!AK10 -> PCG | G10: =Raw_Incidents!AM10 -> Published | H10: =Raw_Incidents!V10 -> Davao del Sur | I10: =IF(Raw_Incidents!W10<>"",Raw_Incidents!W10,Raw_Incidents!U10) -> Davao Gulf | J10: =IF(Raw_Incidents!X10<>"",Raw_Incidents!X10,IF(Raw_Incidents!AH10<>"",Raw_Incidents!AH10,IF(AND(Raw_Incidents!AF10<>"",Raw_Incidents!AG10<>""),Raw_Incidents!AF10&" to "&Raw_Incidents!AG10,"Corridor pending"))) -> Samal-Davao Pilotage Route | K10: =IFERROR(INDEX(Lookups!$B$6:$B$19,MATCH(Raw_Incidents!V10,Lookups!$A$6:$A$19,0)),"National") -> Mindanao | L10: =Raw_Incidents!AA10 -> Moderate | M10: =TEXT(B10,"mmm yy") -> Mar 25 | N10: =TEXT(B10,"yyyy-mm") -> 2025-03 | O10: =YEAR(B10) -> 2025 | P10: =IF(OR(MONTH(B10)=12,MONTH(B10)<=2),"Northeast Monsoon",IF(AND(MONTH(B10)>=3,MONTH(B10)<=5),"Transition Season",IF(AND(MONTH(B10)>=6,MONTH(B10)<=9),"Southwest Monsoon","Typhoon Season"))) -> Transition Season | Q10: =IF(Raw_Incidents!AR10<>"",Raw_Incidents!AR10,IFERROR(INDEX(Lookups!$E$6:$E$15,MATCH(C10,Lookups!$D$6:$D$15,0)),"Under Investigation")) -> Weather Conditions | R10: =IF(Raw_Incidents!AQ10<>"",Raw_Incidents!AQ10,IFERROR(INDEX(Lookups!$H$6:$H$10,MATCH(Q10,Lookups!$G$6:$G$10,0)),"")) -> Violation of Procedures | S10: =IF(Raw_Incidents!AI10<>"",Raw_Incidents!AI10,IFERROR(INDEX(Lookups!$K$6:$K$12,MATCH(E10,Lookups!$J$6:$J$12,0)),"General Cargo")) -> Fish Catch | T10: =MAX(YEAR(TODAY())-IF(Raw_Incidents!R10<>"",Raw_Incidents!R10,IFERROR(INDEX(Lookups!$N$6:$N$12,MATCH(E10,Lookups!$M$6:$M$12,0)),2010)),0) -> 22 | U10: =Raw_Incidents!AW10 -> 2 | V10: =Raw_Incidents!AX10 -> 1 | W10: =U10+V10 -> 3 | X10: =IFERROR(INDEX(Lookups!$Q$6:$Q$9,MATCH(D10,Lookups!$P$6:$P$9,0)),1) -> 4 | Y10: =X10*MAX(W10,1) -> 12 | Z10: =--OR(Raw_Incidents!J10<>"",Raw_Incidents!K10<>"") -> 1 | AA10: =--AND(Raw_Incidents!AF10<>"",Raw_Incidents!AG10<>"") -> 1 | AB10: =--AND(ISNUMBER(Raw_Incidents!Y10),ISNUMBER(Raw_Incidents!Z10),Raw_Incidents!AA10<>"") -> 1 | AC10: =IF(Raw_Incidents!AH10<>"",Raw_Incidents!AH10,IF(AND(Raw_Incidents!AF10<>"",Raw_Incidents!AG10<>""),Raw_Incidents!AF10&" to "&Raw_Incidents!AG10,"Route pending")) -> Davao Gulf northbound merchant lane | AD10: =ROUND((--(B10<>"")+--(C10<>"")+--(D10<>"")+--(Raw_Incidents!S10<>"")+--(Raw_Incidents!T10<>"")+--(Raw_Incidents!U10<>"")+--(H10<>"")+AB10+--(Raw_Incidents!F10<>"")+--(Raw_Incidents!I10<>"")+Z10+AA10+--(Raw_Incidents!AI10<>"")+--(Raw_Incidents!AN10<>"")+--(F10<>""))/15*100,0) -> 100 | AE10: =--(Raw_Incidents!AZ10<>"") -> 1 | AF10: =--OR(G10="Verified",G10="Published") -> 1 | AG10: =Raw_Incidents!AN10 -> Fishing vessel capsized while hauling gear in beam seas near the northern Davao Gulf lane. | AH10: =Raw_Incidents!F10 -> FB San Miguel | AI10: =Raw_Incidents!S10 -> 6.874 | AJ10: =Raw_Incidents!T10 -> 125.729 | AK10: =Raw_Incidents!AL10 -> Mobile App
A11: =Raw_Incidents!A11 -> INC-2025-000196 | B11: =Raw_Incidents!B11 -> 45745.243 | C11: =Raw_Incidents!C11 -> Collision | D11: =Raw_Incidents!E11 -> Less Serious | E11: =Raw_Incidents!H11 -> Ferry | F11: =Raw_Incidents!AK11 -> PCG | G11: =Raw_Incidents!AM11 -> Verified | H11: =Raw_Incidents!V11 -> Sorsogon | I11: =IF(Raw_Incidents!W11<>"",Raw_Incidents!W11,Raw_Incidents!U11) -> San Bernardino Strait | J11: =IF(Raw_Incidents!X11<>"",Raw_Incidents!X11,IF(Raw_Incidents!AH11<>"",Raw_Incidents!AH11,IF(AND(Raw_Incidents!AF11<>"",Raw_Incidents!AG11<>""),Raw_Incidents!AF11&" to "&Raw_Incidents!AG11,"Corridor pending"))) -> Matnog-Allen Ferry Transit | K11: =IFERROR(INDEX(Lookups!$B$6:$B$19,MATCH(Raw_Incidents!V11,Lookups!$A$6:$A$19,0)),"National") -> Luzon | L11: =Raw_Incidents!AA11 -> Moderate | M11: =TEXT(B11,"mmm yy") -> Mar 25 | N11: =TEXT(B11,"yyyy-mm") -> 2025-03 | O11: =YEAR(B11) -> 2025 | P11: =IF(OR(MONTH(B11)=12,MONTH(B11)<=2),"Northeast Monsoon",IF(AND(MONTH(B11)>=3,MONTH(B11)<=5),"Transition Season",IF(AND(MONTH(B11)>=6,MONTH(B11)<=9),"Southwest Monsoon","Typhoon Season"))) -> Transition Season | Q11: =IF(Raw_Incidents!AR11<>"",Raw_Incidents!AR11,IFERROR(INDEX(Lookups!$E$6:$E$15,MATCH(C11,Lookups!$D$6:$D$15,0)),"Under Investigation")) -> Navigation Error | R11: =IF(Raw_Incidents!AQ11<>"",Raw_Incidents!AQ11,IFERROR(INDEX(Lookups!$H$6:$H$10,MATCH(Q11,Lookups!$G$6:$G$10,0)),"")) -> Communication Failure | S11: =IF(Raw_Incidents!AI11<>"",Raw_Incidents!AI11,IFERROR(INDEX(Lookups!$K$6:$K$12,MATCH(E11,Lookups!$J$6:$J$12,0)),"General Cargo")) -> Passengers | T11: =MAX(YEAR(TODAY())-IF(Raw_Incidents!R11<>"",Raw_Incidents!R11,IFERROR(INDEX(Lookups!$N$6:$N$12,MATCH(E11,Lookups!$M$6:$M$12,0)),2010)),0) -> 13 | U11: =Raw_Incidents!AW11 -> 0 | V11: =Raw_Incidents!AX11 -> 1 | W11: =U11+V11 -> 1 | X11: =IFERROR(INDEX(Lookups!$Q$6:$Q$9,MATCH(D11,Lookups!$P$6:$P$9,0)),1) -> 2 | Y11: =X11*MAX(W11,1) -> 2 | Z11: =--OR(Raw_Incidents!J11<>"",Raw_Incidents!K11<>"") -> 1 | AA11: =--AND(Raw_Incidents!AF11<>"",Raw_Incidents!AG11<>"") -> 1 | AB11: =--AND(ISNUMBER(Raw_Incidents!Y11),ISNUMBER(Raw_Incidents!Z11),Raw_Incidents!AA11<>"") -> 1 | AC11: =IF(Raw_Incidents!AH11<>"",Raw_Incidents!AH11,IF(AND(Raw_Incidents!AF11<>"",Raw_Incidents!AG11<>""),Raw_Incidents!AF11&" to "&Raw_Incidents!AG11,"Route pending")) -> San Bernardino inter-island ferry route | AD11: =ROUND((--(B11<>"")+--(C11<>"")+--(D11<>"")+--(Raw_Incidents!S11<>"")+--(Raw_Incidents!T11<>"")+--(Raw_Incidents!U11<>"")+--(H11<>"")+AB11+--(Raw_Incidents!F11<>"")+--(Raw_Incidents!I11<>"")+Z11+AA11+--(Raw_Incidents!AI11<>"")+--(Raw_Incidents!AN11<>"")+--(F11<>""))/15*100,0) -> 100 | AE11: =--(Raw_Incidents!AZ11<>"") -> 1 | AF11: =--OR(G11="Verified",G11="Published") -> 1 | AG11: =Raw_Incidents!AN11 -> RoRo ferry brushed a lightering barge while adjusting its lane position in San Bernardino Strait. | AH11: =Raw_Incidents!F11 -> MV Samar Venture | AI11: =Raw_Incidents!S11 -> 12.753 | AJ11: =Raw_Incidents!T11 -> 124.38 | AK11: =Raw_Incidents!AL11 -> Web Portal
A12: =Raw_Incidents!A12 -> INC-2025-000214 | B12: =Raw_Incidents!B12 -> 45757.066 | C12: =Raw_Incidents!C12 -> Machinery Failure | D12: =Raw_Incidents!E12 -> Less Serious | E12: =Raw_Incidents!H12 -> Bulk Carrier | F12: =Raw_Incidents!AK12 -> MARINA | G12: =Raw_Incidents!AM12 -> Verified | H12: =Raw_Incidents!V12 -> Misamis Oriental | I12: =IF(Raw_Incidents!W12<>"",Raw_Incidents!W12,Raw_Incidents!U12) -> Macajalar Bay | J12: =IF(Raw_Incidents!X12<>"",Raw_Incidents!X12,IF(Raw_Incidents!AH12<>"",Raw_Incidents!AH12,IF(AND(Raw_Incidents!AF12<>"",Raw_Incidents!AG12<>""),Raw_Incidents!AF12&" to "&Raw_Incidents!AG12,"Corridor pending"))) -> Macajalar Bay Bulk Access Lane | K12: =IFERROR(INDEX(Lookups!$B$6:$B$19,MATCH(Raw_Incidents!V12,Lookups!$A$6:$A$19,0)),"National") -> Mindanao | L12: =Raw_Incidents!AA12 -> Good | M12: =TEXT(B12,"mmm yy") -> Apr 25 | N12: =TEXT(B12,"yyyy-mm") -> 2025-04 | O12: =YEAR(B12) -> 2025 | P12: =IF(OR(MONTH(B12)=12,MONTH(B12)<=2),"Northeast Monsoon",IF(AND(MONTH(B12)>=3,MONTH(B12)<=5),"Transition Season",IF(AND(MONTH(B12)>=6,MONTH(B12)<=9),"Southwest Monsoon","Typhoon Season"))) -> Transition Season | Q12: =IF(Raw_Incidents!AR12<>"",Raw_Incidents!AR12,IFERROR(INDEX(Lookups!$E$6:$E$15,MATCH(C12,Lookups!$D$6:$D$15,0)),"Under Investigation")) -> Mechanical Failure | R12: =IF(Raw_Incidents!AQ12<>"",Raw_Incidents!AQ12,IFERROR(INDEX(Lookups!$H$6:$H$10,MATCH(Q12,Lookups!$G$6:$G$10,0)),"")) -> Inadequate Training | S12: =IF(Raw_Incidents!AI12<>"",Raw_Incidents!AI12,IFERROR(INDEX(Lookups!$K$6:$K$12,MATCH(E12,Lookups!$J$6:$J$12,0)),"General Cargo")) -> Bulk cargo | T12: =MAX(YEAR(TODAY())-IF(Raw_Incidents!R12<>"",Raw_Incidents!R12,IFERROR(INDEX(Lookups!$N$6:$N$12,MATCH(E12,Lookups!$M$6:$M$12,0)),2010)),0) -> 19 | U12: =Raw_Incidents!AW12 -> 0 | V12: =Raw_Incidents!AX12 -> 0 | W12: =U12+V12 -> 0 | X12: =IFERROR(INDEX(Lookups!$Q$6:$Q$9,MATCH(D12,Lookups!$P$6:$P$9,0)),1) -> 2 | Y12: =X12*MAX(W12,1) -> 2 | Z12: =--OR(Raw_Incidents!J12<>"",Raw_Incidents!K12<>"") -> 1 | AA12: =--AND(Raw_Incidents!AF12<>"",Raw_Incidents!AG12<>"") -> 1 | AB12: =--AND(ISNUMBER(Raw_Incidents!Y12),ISNUMBER(Raw_Incidents!Z12),Raw_Incidents!AA12<>"") -> 1 | AC12: =IF(Raw_Incidents!AH12<>"",Raw_Incidents!AH12,IF(AND(Raw_Incidents!AF12<>"",Raw_Incidents!AG12<>""),Raw_Incidents!AF12&" to "&Raw_Incidents!AG12,"Route pending")) -> Macajalar Bay industrial shipping lane | AD12: =ROUND((--(B12<>"")+--(C12<>"")+--(D12<>"")+--(Raw_Incidents!S12<>"")+--(Raw_Incidents!T12<>"")+--(Raw_Incidents!U12<>"")+--(H12<>"")+AB12+--(Raw_Incidents!F12<>"")+--(Raw_Incidents!I12<>"")+Z12+AA12+--(Raw_Incidents!AI12<>"")+--(Raw_Incidents!AN12<>"")+--(F12<>""))/15*100,0) -> 100 | AE12: =--(Raw_Incidents!AZ12<>"") -> 1 | AF12: =--OR(G12="Verified",G12="Published") -> 1 | AG12: =Raw_Incidents!AN12 -> Main engine lube-oil pressure alarm forced the bulk carrier to anchor inside Macajalar Bay. | AH12: =Raw_Incidents!F12 -> MV Pacific Dream | AI12: =Raw_Incidents!S12 -> 8.543 | AJ12: =Raw_Incidents!T12 -> 124.784 | AK12: =Raw_Incidents!AL12 -> Web Portal
A13: =Raw_Incidents!A13 -> INC-2025-000229 | B13: =Raw_Incidents!B13 -> 45768.295 | C13: =Raw_Incidents!C13 -> Flooding | D13: =Raw_Incidents!E13 -> Less Serious | E13: =Raw_Incidents!H13 -> Ferry | F13: =Raw_Incidents!AK13 -> PCG | G13: =Raw_Incidents!AM13 -> Verified | H13: =Raw_Incidents!V13 -> Iloilo | I13: =IF(Raw_Incidents!W13<>"",Raw_Incidents!W13,Raw_Incidents!U13) -> Iloilo Strait | J13: =IF(Raw_Incidents!X13<>"",Raw_Incidents!X13,IF(Raw_Incidents!AH13<>"",Raw_Incidents!AH13,IF(AND(Raw_Incidents!AF13<>"",Raw_Incidents!AG13<>""),Raw_Incidents!AF13&" to "&Raw_Incidents!AG13,"Corridor pending"))) -> Iloilo-Guimaras Transit Lane | K13: =IFERROR(INDEX(Lookups!$B$6:$B$19,MATCH(Raw_Incidents!V13,Lookups!$A$6:$A$19,0)),"National") -> Visayas | L13: =Raw_Incidents!AA13 -> Good | M13: =TEXT(B13,"mmm yy") -> Apr 25 | N13: =TEXT(B13,"yyyy-mm") -> 2025-04 | O13: =YEAR(B13) -> 2025 | P13: =IF(OR(MONTH(B13)=12,MONTH(B13)<=2),"Northeast Monsoon",IF(AND(MONTH(B13)>=3,MONTH(B13)<=5),"Transition Season",IF(AND(MONTH(B13)>=6,MONTH(B13)<=9),"Southwest Monsoon","Typhoon Season"))) -> Transition Season | Q13: =IF(Raw_Incidents!AR13<>"",Raw_Incidents!AR13,IFERROR(INDEX(Lookups!$E$6:$E$15,MATCH(C13,Lookups!$D$6:$D$15,0)),"Under Investigation")) -> Mechanical Failure | R13: =IF(Raw_Incidents!AQ13<>"",Raw_Incidents!AQ13,IFERROR(INDEX(Lookups!$H$6:$H$10,MATCH(Q13,Lookups!$G$6:$G$10,0)),"")) -> Communication Failure | S13: =IF(Raw_Incidents!AI13<>"",Raw_Incidents!AI13,IFERROR(INDEX(Lookups!$K$6:$K$12,MATCH(E13,Lookups!$J$6:$J$12,0)),"General Cargo")) -> Passengers | T13: =MAX(YEAR(TODAY())-IF(Raw_Incidents!R13<>"",Raw_Incidents!R13,IFERROR(INDEX(Lookups!$N$6:$N$12,MATCH(E13,Lookups!$M$6:$M$12,0)),2010)),0) -> 12 | U13: =Raw_Incidents!AW13 -> 0 | V13: =Raw_Incidents!AX13 -> 0 | W13: =U13+V13 -> 0 | X13: =IFERROR(INDEX(Lookups!$Q$6:$Q$9,MATCH(D13,Lookups!$P$6:$P$9,0)),1) -> 2 | Y13: =X13*MAX(W13,1) -> 2 | Z13: =--OR(Raw_Incidents!J13<>"",Raw_Incidents!K13<>"") -> 1 | AA13: =--AND(Raw_Incidents!AF13<>"",Raw_Incidents!AG13<>"") -> 1 | AB13: =--AND(ISNUMBER(Raw_Incidents!Y13),ISNUMBER(Raw_Incidents!Z13),Raw_Incidents!AA13<>"") -> 1 | AC13: =IF(Raw_Incidents!AH13<>"",Raw_Incidents!AH13,IF(AND(Raw_Incidents!AF13<>"",Raw_Incidents!AG13<>""),Raw_Incidents!AF13&" to "&Raw_Incidents!AG13,"Route pending")) -> Panay-Negros coastal ferry lane | AD13: =ROUND((--(B13<>"")+--(C13<>"")+--(D13<>"")+--(Raw_Incidents!S13<>"")+--(Raw_Incidents!T13<>"")+--(Raw_Incidents!U13<>"")+--(H13<>"")+AB13+--(Raw_Incidents!F13<>"")+--(Raw_Incidents!I13<>"")+Z13+AA13+--(Raw_Incidents!AI13<>"")+--(Raw_Incidents!AN13<>"")+--(F13<>""))/15*100,0) -> 100 | AE13: =--(Raw_Incidents!AZ13<>"") -> 1 | AF13: =--OR(G13="Verified",G13="Published") -> 1 | AG13: =Raw_Incidents!AN13 -> Water ingress was detected in a lower void space while the RoRo ferry transited Iloilo Strait. | AH13: =Raw_Incidents!F13 -> MV Island Hopper | AI13: =Raw_Incidents!S13 -> 10.678 | AJ13: =Raw_Incidents!T13 -> 122.578 | AK13: =Raw_Incidents!AL13 -> Mobile App
A14: =Raw_Incidents!A14 -> INC-2025-000246 | B14: =Raw_Incidents!B14 -> 45785.698 | C14: =Raw_Incidents!C14 -> Collision | D14: =Raw_Incidents!E14 -> Near Miss | E14: =Raw_Incidents!H14 -> Container Ship | F14: =Raw_Incidents!AK14 -> MARINA | G14: =Raw_Incidents!AM14 -> Under Review | H14: =Raw_Incidents!V14 -> Metro Manila | I14: =IF(Raw_Incidents!W14<>"",Raw_Incidents!W14,Raw_Incidents!U14) -> Manila Bay | J14: =IF(Raw_Incidents!X14<>"",Raw_Incidents!X14,IF(Raw_Incidents!AH14<>"",Raw_Incidents!AH14,IF(AND(Raw_Incidents!AF14<>"",Raw_Incidents!AG14<>""),Raw_Incidents!AF14&" to "&Raw_Incidents!AG14,"Corridor pending"))) -> Manila Bay South Approach | K14: =IFERROR(INDEX(Lookups!$B$6:$B$19,MATCH(Raw_Incidents!V14,Lookups!$A$6:$A$19,0)),"National") -> Luzon | L14: =Raw_Incidents!AA14 -> Moderate | M14: =TEXT(B14,"mmm yy") -> May 25 | N14: =TEXT(B14,"yyyy-mm") -> 2025-05 | O14: =YEAR(B14) -> 2025 | P14: =IF(OR(MONTH(B14)=12,MONTH(B14)<=2),"Northeast Monsoon",IF(AND(MONTH(B14)>=3,MONTH(B14)<=5),"Transition Season",IF(AND(MONTH(B14)>=6,MONTH(B14)<=9),"Southwest Monsoon","Typhoon Season"))) -> Transition Season | Q14: =IF(Raw_Incidents!AR14<>"",Raw_Incidents!AR14,IFERROR(INDEX(Lookups!$E$6:$E$15,MATCH(C14,Lookups!$D$6:$D$15,0)),"Under Investigation")) -> Navigation Error | R14: =IF(Raw_Incidents!AQ14<>"",Raw_Incidents!AQ14,IFERROR(INDEX(Lookups!$H$6:$H$10,MATCH(Q14,Lookups!$G$6:$G$10,0)),"")) -> Violation of Procedures | Communication Failure | S14: =IF(Raw_Incidents!AI14<>"",Raw_Incidents!AI14,IFERROR(INDEX(Lookups!$K$6:$K$12,MATCH(E14,Lookups!$J$6:$J$12,0)),"General Cargo")) -> Containers | T14: =MAX(YEAR(TODAY())-IF(Raw_Incidents!R14<>"",Raw_Incidents!R14,IFERROR(INDEX(Lookups!$N$6:$N$12,MATCH(E14,Lookups!$M$6:$M$12,0)),2010)),0) -> 16 | U14: =Raw_Incidents!AW14 -> 0 | V14: =Raw_Incidents!AX14 -> 0 | W14: =U14+V14 -> 0 | X14: =IFERROR(INDEX(Lookups!$Q$6:$Q$9,MATCH(D14,Lookups!$P$6:$P$9,0)),1) -> 1 | Y14: =X14*MAX(W14,1) -> 1 | Z14: =--OR(Raw_Incidents!J14<>"",Raw_Incidents!K14<>"") -> 1 | AA14: =--AND(Raw_Incidents!AF14<>"",Raw_Incidents!AG14<>"") -> 1 | AB14: =--AND(ISNUMBER(Raw_Incidents!Y14),ISNUMBER(Raw_Incidents!Z14),Raw_Incidents!AA14<>"") -> 1 | AC14: =IF(Raw_Incidents!AH14<>"",Raw_Incidents!AH14,IF(AND(Raw_Incidents!AF14<>"",Raw_Incidents!AG14<>""),Raw_Incidents!AF14&" to "&Raw_Incidents!AG14,"Route pending")) -> Batangas-Manila gateway lane | AD14: =ROUND((--(B14<>"")+--(C14<>"")+--(D14<>"")+--(Raw_Incidents!S14<>"")+--(Raw_Incidents!T14<>"")+--(Raw_Incidents!U14<>"")+--(H14<>"")+AB14+--(Raw_Incidents!F14<>"")+--(Raw_Incidents!I14<>"")+Z14+AA14+--(Raw_Incidents!AI14<>"")+--(Raw_Incidents!AN14<>"")+--(F14<>""))/15*100,0) -> 100 | AE14: =--(Raw_Incidents!AZ14<>"") -> 1 | AF14: =--OR(G14="Verified",G14="Published") -> 0 | AG14: =Raw_Incidents!AN14 -> Container ship narrowly avoided contact with a coastal tanker during a crossing situation in southern Manila Bay. | AH14: =Raw_Incidents!F14 -> MV Cargo Link | AI14: =Raw_Incidents!S14 -> 14.37 | AJ14: =Raw_Incidents!T14 -> 120.873 | AK14: =Raw_Incidents!AL14 -> Web Portal
A15: =Raw_Incidents!A15 -> INC-2025-000264 | B15: =Raw_Incidents!B15 -> 45803.132 | C15: =Raw_Incidents!C15 -> Grounding | D15: =Raw_Incidents!E15 -> Less Serious | E15: =Raw_Incidents!H15 -> General Cargo | F15: =Raw_Incidents!AK15 -> PCG | G15: =Raw_Incidents!AM15 -> Verified | H15: =Raw_Incidents!V15 -> Batangas | I15: =IF(Raw_Incidents!W15<>"",Raw_Incidents!W15,Raw_Incidents!U15) -> Verde Island Passage | J15: =IF(Raw_Incidents!X15<>"",Raw_Incidents!X15,IF(Raw_Incidents!AH15<>"",Raw_Incidents!AH15,IF(AND(Raw_Incidents!AF15<>"",Raw_Incidents!AG15<>""),Raw_Incidents!AF15&" to "&Raw_Incidents!AG15,"Corridor pending"))) -> Batangas-Calapan Transit Lane | K15: =IFERROR(INDEX(Lookups!$B$6:$B$19,MATCH(Raw_Incidents!V15,Lookups!$A$6:$A$19,0)),"National") -> Luzon | L15: =Raw_Incidents!AA15 -> Good | M15: =TEXT(B15,"mmm yy") -> May 25 | N15: =TEXT(B15,"yyyy-mm") -> 2025-05 | O15: =YEAR(B15) -> 2025 | P15: =IF(OR(MONTH(B15)=12,MONTH(B15)<=2),"Northeast Monsoon",IF(AND(MONTH(B15)>=3,MONTH(B15)<=5),"Transition Season",IF(AND(MONTH(B15)>=6,MONTH(B15)<=9),"Southwest Monsoon","Typhoon Season"))) -> Transition Season | Q15: =IF(Raw_Incidents!AR15<>"",Raw_Incidents!AR15,IFERROR(INDEX(Lookups!$E$6:$E$15,MATCH(C15,Lookups!$D$6:$D$15,0)),"Under Investigation")) -> Navigation Error | R15: =IF(Raw_Incidents!AQ15<>"",Raw_Incidents!AQ15,IFERROR(INDEX(Lookups!$H$6:$H$10,MATCH(Q15,Lookups!$G$6:$G$10,0)),"")) -> Violation of Procedures | S15: =IF(Raw_Incidents!AI15<>"",Raw_Incidents!AI15,IFERROR(INDEX(Lookups!$K$6:$K$12,MATCH(E15,Lookups!$J$6:$J$12,0)),"General Cargo")) -> General Cargo | T15: =MAX(YEAR(TODAY())-IF(Raw_Incidents!R15<>"",Raw_Incidents!R15,IFERROR(INDEX(Lookups!$N$6:$N$12,MATCH(E15,Lookups!$M$6:$M$12,0)),2010)),0) -> 11 | U15: =Raw_Incidents!AW15 -> 0 | V15: =Raw_Incidents!AX15 -> 1 | W15: =U15+V15 -> 1 | X15: =IFERROR(INDEX(Lookups!$Q$6:$Q$9,MATCH(D15,Lookups!$P$6:$P$9,0)),1) -> 2 | Y15: =X15*MAX(W15,1) -> 2 | Z15: =--OR(Raw_Incidents!J15<>"",Raw_Incidents!K15<>"") -> 1 | AA15: =--AND(Raw_Incidents!AF15<>"",Raw_Incidents!AG15<>"") -> 1 | AB15: =--AND(ISNUMBER(Raw_Incidents!Y15),ISNUMBER(Raw_Incidents!Z15),Raw_Incidents!AA15<>"") -> 1 | AC15: =IF(Raw_Incidents!AH15<>"",Raw_Incidents!AH15,IF(AND(Raw_Incidents!AF15<>"",Raw_Incidents!AG15<>""),Raw_Incidents!AF15&" to "&Raw_Incidents!AG15,"Route pending")) -> Verde Island Passage east-west corridor | AD15: =ROUND((--(B15<>"")+--(C15<>"")+--(D15<>"")+--(Raw_Incidents!S15<>"")+--(Raw_Incidents!T15<>"")+--(Raw_Incidents!U15<>"")+--(H15<>"")+AB15+--(Raw_Incidents!F15<>"")+--(Raw_Incidents!I15<>"")+Z15+AA15+--(Raw_Incidents!AI15<>"")+--(Raw_Incidents!AN15<>"")+--(F15<>""))/15*100,0) -> 100 | AE15: =--(Raw_Incidents!AZ15<>"") -> 1 | AF15: =--OR(G15="Verified",G15="Published") -> 1 | AG15: =Raw_Incidents!AN15 -> General cargo vessel touched bottom on the edge of a reef patch while crossing the Verde Island Passage. | AH15: =Raw_Incidents!F15 -> MV Verde Logistics | AI15: =Raw_Incidents!S15 -> 13.787 | AJ15: =Raw_Incidents!T15 -> 121.04 | AK15: =Raw_Incidents!AL15 -> Inter-agency Intake
A16: =Raw_Incidents!A16 -> INC-2025-000281 | B16: =Raw_Incidents!B16 -> 45819.403 | C16: =Raw_Incidents!C16 -> Collision | D16: =Raw_Incidents!E16 -> Serious | E16: =Raw_Incidents!H16 -> Ferry | F16: =Raw_Incidents!AK16 -> PCG | G16: =Raw_Incidents!AM16 -> Under Review | H16: =Raw_Incidents!V16 -> Cebu | I16: =IF(Raw_Incidents!W16<>"",Raw_Incidents!W16,Raw_Incidents!U16) -> Cebu Strait | J16: =IF(Raw_Incidents!X16<>"",Raw_Incidents!X16,IF(Raw_Incidents!AH16<>"",Raw_Incidents!AH16,IF(AND(Raw_Incidents!AF16<>"",Raw_Incidents!AG16<>""),Raw_Incidents!AF16&" to "&Raw_Incidents!AG16,"Corridor pending"))) -> Cebu-Mactan Southern Approach | K16: =IFERROR(INDEX(Lookups!$B$6:$B$19,MATCH(Raw_Incidents!V16,Lookups!$A$6:$A$19,0)),"National") -> Visayas | L16: =Raw_Incidents!AA16 -> Moderate | M16: =TEXT(B16,"mmm yy") -> Jun 25 | N16: =TEXT(B16,"yyyy-mm") -> 2025-06 | O16: =YEAR(B16) -> 2025 | P16: =IF(OR(MONTH(B16)=12,MONTH(B16)<=2),"Northeast Monsoon",IF(AND(MONTH(B16)>=3,MONTH(B16)<=5),"Transition Season",IF(AND(MONTH(B16)>=6,MONTH(B16)<=9),"Southwest Monsoon","Typhoon Season"))) -> Southwest Monsoon | Q16: =IF(Raw_Incidents!AR16<>"",Raw_Incidents!AR16,IFERROR(INDEX(Lookups!$E$6:$E$15,MATCH(C16,Lookups!$D$6:$D$15,0)),"Under Investigation")) -> Navigation Error | R16: =IF(Raw_Incidents!AQ16<>"",Raw_Incidents!AQ16,IFERROR(INDEX(Lookups!$H$6:$H$10,MATCH(Q16,Lookups!$G$6:$G$10,0)),"")) -> Communication Failure | S16: =IF(Raw_Incidents!AI16<>"",Raw_Incidents!AI16,IFERROR(INDEX(Lookups!$K$6:$K$12,MATCH(E16,Lookups!$J$6:$J$12,0)),"General Cargo")) -> Passengers | T16: =MAX(YEAR(TODAY())-IF(Raw_Incidents!R16<>"",Raw_Incidents!R16,IFERROR(INDEX(Lookups!$N$6:$N$12,MATCH(E16,Lookups!$M$6:$M$12,0)),2010)),0) -> 16 | U16: =Raw_Incidents!AW16 -> 0 | V16: =Raw_Incidents!AX16 -> 5 | W16: =U16+V16 -> 5 | X16: =IFERROR(INDEX(Lookups!$Q$6:$Q$9,MATCH(D16,Lookups!$P$6:$P$9,0)),1) -> 3 | Y16: =X16*MAX(W16,1) -> 15 | Z16: =--OR(Raw_Incidents!J16<>"",Raw_Incidents!K16<>"") -> 1 | AA16: =--AND(Raw_Incidents!AF16<>"",Raw_Incidents!AG16<>"") -> 1 | AB16: =--AND(ISNUMBER(Raw_Incidents!Y16),ISNUMBER(Raw_Incidents!Z16),Raw_Incidents!AA16<>"") -> 1 | AC16: =IF(Raw_Incidents!AH16<>"",Raw_Incidents!AH16,IF(AND(Raw_Incidents!AF16<>"",Raw_Incidents!AG16<>""),Raw_Incidents!AF16&" to "&Raw_Incidents!AG16,"Route pending")) -> Cebu Strait domestic passenger corridor | AD16: =ROUND((--(B16<>"")+--(C16<>"")+--(D16<>"")+--(Raw_Incidents!S16<>"")+--(Raw_Incidents!T16<>"")+--(Raw_Incidents!U16<>"")+--(H16<>"")+AB16+--(Raw_Incidents!F16<>"")+--(Raw_Incidents!I16<>"")+Z16+AA16+--(Raw_Incidents!AI16<>"")+--(Raw_Incidents!AN16<>"")+--(F16<>""))/15*100,0) -> 100 | AE16: =--(Raw_Incidents!AZ16<>"") -> 1 | AF16: =--OR(G16="Verified",G16="Published") -> 0 | AG16: =Raw_Incidents!AN16 -> Ferry struck a fixed mooring dolphin while approaching Cebu under a crowded berthing sequence. | AH16: =Raw_Incidents!F16 -> MV SuperFerry 12 | AI16: =Raw_Incidents!S16 -> 10.207 | AJ16: =Raw_Incidents!T16 -> 123.955 | AK16: =Raw_Incidents!AL16 -> Mobile App
... A38: =Raw_Incidents!A38 -> INC-2026-000207 | B38: =Raw_Incidents!B38 -> 46174.84 | C38: =Raw_Incidents!C38 -> Machinery Failure | D38: =Raw_Incidents!E38 -> Less Serious | E38: =Raw_Incidents!H38 -> Container Ship | F38: =Raw_Incidents!AK38 -> MARINA | G38: =Raw_Incidents!AM38 -> Verified | H38: =Raw_Incidents!V38 -> Metro Manila | I38: =IF(Raw_Incidents!W38<>"",Raw_Incidents!W38,Raw_Incidents!U38) -> Manila Bay | J38: =IF(Raw_Incidents!X38<>"",Raw_Incidents!X38,IF(Raw_Incidents!AH38<>"",Raw_Incidents!AH38,IF(AND(Raw_Incidents!AF38<>"",Raw_Incidents!AG38<>""),Raw_Incidents!AF38&" to "&Raw_Incidents!AG38,"Corridor pending"))) -> Manila Bay North Approach | K38: =IFERROR(INDEX(Lookups!$B$6:$B$19,MATCH(Raw_Incidents!V38,Lookups!$A$6:$A$19,0)),"National") -> Luzon | L38: =Raw_Incidents!AA38 -> Good | M38: =TEXT(B38,"mmm yy") -> Jun 26 | N38: =TEXT(B38,"yyyy-mm") -> 2026-06 | O38: =YEAR(B38) -> 2026 | P38: =IF(OR(MONTH(B38)=12,MONTH(B38)<=2),"Northeast Monsoon",IF(AND(MONTH(B38)>=3,MONTH(B38)<=5),"Transition Season",IF(AND(MONTH(B38)>=6,MONTH(B38)<=9),"Southwest Monsoon","Typhoon Season"))) -> Southwest Monsoon | Q38: =IF(Raw_Incidents!AR38<>"",Raw_Incidents!AR38,IFERROR(INDEX(Lookups!$E$6:$E$15,MATCH(C38,Lookups!$D$6:$D$15,0)),"Under Investigation")) -> Mechanical Failure | R38: =IF(Raw_Incidents!AQ38<>"",Raw_Incidents!AQ38,IFERROR(INDEX(Lookups!$H$6:$H$10,MATCH(Q38,Lookups!$G$6:$G$10,0)),"")) -> Inadequate Training | S38: =IF(Raw_Incidents!AI38<>"",Raw_Incidents!AI38,IFERROR(INDEX(Lookups!$K$6:$K$12,MATCH(E38,Lookups!$J$6:$J$12,0)),"General Cargo")) -> Containers | T38: =MAX(YEAR(TODAY())-IF(Raw_Incidents!R38<>"",Raw_Incidents!R38,IFERROR(INDEX(Lookups!$N$6:$N$12,MATCH(E38,Lookups!$M$6:$M$12,0)),2010)),0) -> 16 | U38: =Raw_Incidents!AW38 -> 0 | V38: =Raw_Incidents!AX38 -> 0 | W38: =U38+V38 -> 0 | X38: =IFERROR(INDEX(Lookups!$Q$6:$Q$9,MATCH(D38,Lookups!$P$6:$P$9,0)),1) -> 2 | Y38: =X38*MAX(W38,1) -> 2 | Z38: =--OR(Raw_Incidents!J38<>"",Raw_Incidents!K38<>"") -> 1 | AA38: =--AND(Raw_Incidents!AF38<>"",Raw_Incidents!AG38<>"") -> 1 | AB38: =--AND(ISNUMBER(Raw_Incidents!Y38),ISNUMBER(Raw_Incidents!Z38),Raw_Incidents!AA38<>"") -> 1 | AC38: =IF(Raw_Incidents!AH38<>"",Raw_Incidents!AH38,IF(AND(Raw_Incidents!AF38<>"",Raw_Incidents!AG38<>""),Raw_Incidents!AF38&" to "&Raw_Incidents!AG38,"Route pending")) -> Subic-Manila inbound traffic lane | AD38: =ROUND((--(B38<>"")+--(C38<>"")+--(D38<>"")+--(Raw_Incidents!S38<>"")+--(Raw_Incidents!T38<>"")+--(Raw_Incidents!U38<>"")+--(H38<>"")+AB38+--(Raw_Incidents!F38<>"")+--(Raw_Incidents!I38<>"")+Z38+AA38+--(Raw_Incidents!AI38<>"")+--(Raw_Incidents!AN38<>"")+--(F38<>""))/15*100,0) -> 100 | AE38: =--(Raw_Incidents!AZ38<>"") -> 1 | AF38: =--OR(G38="Verified",G38="Published") -> 1 | AG38: =Raw_Incidents!AN38 -> Container ship lost one generator set while queueing in the Manila Bay north approach anchorage lane. | AH38: =Raw_Incidents!F38 -> MV Cargo Link | AI38: =Raw_Incidents!S38 -> 14.666 | AJ38: =Raw_Incidents!T38 -> 120.802 | AK38: =Raw_Incidents!AL38 -> Web Portal

Sheet Trend_Summary
A1: Trend and Summary Analytics
A2: Excel equivalent of the mockup's overview and trend visuals.
A4: Incident Records | C4: High-Consequence Cases | E4: Maritime Corridors | G4: Linked Evidence Coverage
A5: =COUNTA(Enriched!$A$5:$A$999) -> 34 | C5: =SUMPRODUCT(--(((Enriched!$D$5:$D$999="Very Serious")+(Enriched!$W$5:$W$999>=3))>0)) -> 14 | E5: =SUMPRODUCT((Enriched!$J$5:$J$999<>"")/COUNTIF(Enriched!$J$5:$J$999,Enriched!$J$5:$J$999&"")) -> 11 | G5: =ROUND(COUNTIF(Enriched!$AE$5:$AE$999,1)/COUNTA(Enriched!$A$5:$A$999)*100,0)&"%" -> 100%
A7: Historical files in the evidence base | C7: Very serious or multi-casualty cases | E7: Distinct corridors represented in the model | G7: Records with cited attachments or evidence
A11: Monthly Incident and Casualty Trend
A12: Period | B12: Incidents | C12: Fatalities | D12: Injuries | E12: Casualties | F12: Risk Index | G12: Very Serious
A13: Jan 25 | B13: =COUNTIF(Enriched!$M$5:$M$38,"Jan 25") -> 2 | C13: =SUMIF(Enriched!$M$5:$M$38,"Jan 25",Enriched!$U$5:$U$38) -> 0 | D13: =SUMIF(Enriched!$M$5:$M$38,"Jan 25",Enriched!$V$5:$V$38) -> 6 | E13: =C13+D13 -> 6 | F13: =SUMIF(Enriched!$M$5:$M$38,"Jan 25",Enriched!$Y$5:$Y$38) -> 18 | G13: =COUNTIFS(Enriched!$M$5:$M$38,"Jan 25",Enriched!$D$5:$D$38,"Very Serious") -> 0
A14: Feb 25 | B14: =COUNTIF(Enriched!$M$5:$M$38,"Feb 25") -> 2 | C14: =SUMIF(Enriched!$M$5:$M$38,"Feb 25",Enriched!$U$5:$U$38) -> 1 | D14: =SUMIF(Enriched!$M$5:$M$38,"Feb 25",Enriched!$V$5:$V$38) -> 3 | E14: =C14+D14 -> 4 | F14: =SUMIF(Enriched!$M$5:$M$38,"Feb 25",Enriched!$Y$5:$Y$38) -> 12 | G14: =COUNTIFS(Enriched!$M$5:$M$38,"Feb 25",Enriched!$D$5:$D$38,"Very Serious") -> 0
A15: Mar 25 | B15: =COUNTIF(Enriched!$M$5:$M$38,"Mar 25") -> 3 | C15: =SUMIF(Enriched!$M$5:$M$38,"Mar 25",Enriched!$U$5:$U$38) -> 5 | D15: =SUMIF(Enriched!$M$5:$M$38,"Mar 25",Enriched!$V$5:$V$38) -> 4 | E15: =C15+D15 -> 9 | F15: =SUMIF(Enriched!$M$5:$M$38,"Mar 25",Enriched!$Y$5:$Y$38) -> 34 | G15: =COUNTIFS(Enriched!$M$5:$M$38,"Mar 25",Enriched!$D$5:$D$38,"Very Serious") -> 2
A16: Apr 25 | B16: =COUNTIF(Enriched!$M$5:$M$38,"Apr 25") -> 2 | C16: =SUMIF(Enriched!$M$5:$M$38,"Apr 25",Enriched!$U$5:$U$38) -> 0 | D16: =SUMIF(Enriched!$M$5:$M$38,"Apr 25",Enriched!$V$5:$V$38) -> 0 | E16: =C16+D16 -> 0 | F16: =SUMIF(Enriched!$M$5:$M$38,"Apr 25",Enriched!$Y$5:$Y$38) -> 4 | G16: =COUNTIFS(Enriched!$M$5:$M$38,"Apr 25",Enriched!$D$5:$D$38,"Very Serious") -> 0
A17: May 25 | B17: =COUNTIF(Enriched!$M$5:$M$38,"May 25") -> 2 | C17: =SUMIF(Enriched!$M$5:$M$38,"May 25",Enriched!$U$5:$U$38) -> 0 | D17: =SUMIF(Enriched!$M$5:$M$38,"May 25",Enriched!$V$5:$V$38) -> 1 | E17: =C17+D17 -> 1 | F17: =SUMIF(Enriched!$M$5:$M$38,"May 25",Enriched!$Y$5:$Y$38) -> 3 | G17: =COUNTIFS(Enriched!$M$5:$M$38,"May 25",Enriched!$D$5:$D$38,"Very Serious") -> 0
A18: Jun 25 | B18: =COUNTIF(Enriched!$M$5:$M$38,"Jun 25") -> 2 | C18: =SUMIF(Enriched!$M$5:$M$38,"Jun 25",Enriched!$U$5:$U$38) -> 0 | D18: =SUMIF(Enriched!$M$5:$M$38,"Jun 25",Enriched!$V$5:$V$38) -> 6 | E18: =C18+D18 -> 6 | F18: =SUMIF(Enriched!$M$5:$M$38,"Jun 25",Enriched!$Y$5:$Y$38) -> 18 | G18: =COUNTIFS(Enriched!$M$5:$M$38,"Jun 25",Enriched!$D$5:$D$38,"Very Serious") -> 0
A19: Jul 25 | B19: =COUNTIF(Enriched!$M$5:$M$38,"Jul 25") -> 2 | C19: =SUMIF(Enriched!$M$5:$M$38,"Jul 25",Enriched!$U$5:$U$38) -> 0 | D19: =SUMIF(Enriched!$M$5:$M$38,"Jul 25",Enriched!$V$5:$V$38) -> 2 | E19: =C19+D19 -> 2 | F19: =SUMIF(Enriched!$M$5:$M$38,"Jul 25",Enriched!$Y$5:$Y$38) -> 9 | G19: =COUNTIFS(Enriched!$M$5:$M$38,"Jul 25",Enriched!$D$5:$D$38,"Very Serious") -> 0
A20: Aug 25 | B20: =COUNTIF(Enriched!$M$5:$M$38,"Aug 25") -> 1 | C20: =SUMIF(Enriched!$M$5:$M$38,"Aug 25",Enriched!$U$5:$U$38) -> 0 | D20: =SUMIF(Enriched!$M$5:$M$38,"Aug 25",Enriched!$V$5:$V$38) -> 0 | E20: =C20+D20 -> 0 | F20: =SUMIF(Enriched!$M$5:$M$38,"Aug 25",Enriched!$Y$5:$Y$38) -> 2 | G20: =COUNTIFS(Enriched!$M$5:$M$38,"Aug 25",Enriched!$D$5:$D$38,"Very Serious") -> 0
A21: Sep 25 | B21: =COUNTIF(Enriched!$M$5:$M$38,"Sep 25") -> 2 | C21: =SUMIF(Enriched!$M$5:$M$38,"Sep 25",Enriched!$U$5:$U$38) -> 1 | D21: =SUMIF(Enriched!$M$5:$M$38,"Sep 25",Enriched!$V$5:$V$38) -> 5 | E21: =C21+D21 -> 6 | F21: =SUMIF(Enriched!$M$5:$M$38,"Sep 25",Enriched!$Y$5:$Y$38) -> 23 | G21: =COUNTIFS(Enriched!$M$5:$M$38,"Sep 25",Enriched!$D$5:$D$38,"Very Serious") -> 1
A22: Oct 25 | B22: =COUNTIF(Enriched!$M$5:$M$38,"Oct 25") -> 2 | C22: =SUMIF(Enriched!$M$5:$M$38,"Oct 25",Enriched!$U$5:$U$38) -> 2 | D22: =SUMIF(Enriched!$M$5:$M$38,"Oct 25",Enriched!$V$5:$V$38) -> 7 | E22: =C22+D22 -> 9 | F22: =SUMIF(Enriched!$M$5:$M$38,"Oct 25",Enriched!$Y$5:$Y$38) -> 34 | G22: =COUNTIFS(Enriched!$M$5:$M$38,"Oct 25",Enriched!$D$5:$D$38,"Very Serious") -> 1
A23: Nov 25 | B23: =COUNTIF(Enriched!$M$5:$M$38,"Nov 25") -> 2 | C23: =SUMIF(Enriched!$M$5:$M$38,"Nov 25",Enriched!$U$5:$U$38) -> 1 | D23: =SUMIF(Enriched!$M$5:$M$38,"Nov 25",Enriched!$V$5:$V$38) -> 8 | E23: =C23+D23 -> 9 | F23: =SUMIF(Enriched!$M$5:$M$38,"Nov 25",Enriched!$Y$5:$Y$38) -> 37 | G23: =COUNTIFS(Enriched!$M$5:$M$38,"Nov 25",Enriched!$D$5:$D$38,"Very Serious") -> 1
A24: Dec 25 | B24: =COUNTIF(Enriched!$M$5:$M$38,"Dec 25") -> 1 | C24: =SUMIF(Enriched!$M$5:$M$38,"Dec 25",Enriched!$U$5:$U$38) -> 1 | D24: =SUMIF(Enriched!$M$5:$M$38,"Dec 25",Enriched!$V$5:$V$38) -> 2 | E24: =C24+D24 -> 3 | F24: =SUMIF(Enriched!$M$5:$M$38,"Dec 25",Enriched!$Y$5:$Y$38) -> 9 | G24: =COUNTIFS(Enriched!$M$5:$M$38,"Dec 25",Enriched!$D$5:$D$38,"Very Serious") -> 0
A25: Jan 26 | B25: =COUNTIF(Enriched!$M$5:$M$38,"Jan 26") -> 2 | C25: =SUMIF(Enriched!$M$5:$M$38,"Jan 26",Enriched!$U$5:$U$38) -> 0 | D25: =SUMIF(Enriched!$M$5:$M$38,"Jan 26",Enriched!$V$5:$V$38) -> 2 | E25: =C25+D25 -> 2 | F25: =SUMIF(Enriched!$M$5:$M$38,"Jan 26",Enriched!$Y$5:$Y$38) -> 8 | G25: =COUNTIFS(Enriched!$M$5:$M$38,"Jan 26",Enriched!$D$5:$D$38,"Very Serious") -> 0
A26: Feb 26 | B26: =COUNTIF(Enriched!$M$5:$M$38,"Feb 26") -> 2 | C26: =SUMIF(Enriched!$M$5:$M$38,"Feb 26",Enriched!$U$5:$U$38) -> 1 | D26: =SUMIF(Enriched!$M$5:$M$38,"Feb 26",Enriched!$V$5:$V$38) -> 8 | E26: =C26+D26 -> 9 | F26: =SUMIF(Enriched!$M$5:$M$38,"Feb 26",Enriched!$Y$5:$Y$38) -> 33 | G26: =COUNTIFS(Enriched!$M$5:$M$38,"Feb 26",Enriched!$D$5:$D$38,"Very Serious") -> 1
A27: Mar 26 | B27: =COUNTIF(Enriched!$M$5:$M$38,"Mar 26") -> 2 | C27: =SUMIF(Enriched!$M$5:$M$38,"Mar 26",Enriched!$U$5:$U$38) -> 4 | D27: =SUMIF(Enriched!$M$5:$M$38,"Mar 26",Enriched!$V$5:$V$38) -> 7 | E27: =C27+D27 -> 11 | F27: =SUMIF(Enriched!$M$5:$M$38,"Mar 26",Enriched!$Y$5:$Y$38) -> 43 | G27: =COUNTIFS(Enriched!$M$5:$M$38,"Mar 26",Enriched!$D$5:$D$38,"Very Serious") -> 1
A28: Consequence Profile by Severity | G28: =COUNTIFS(Enriched!$M$5:$M$38,"Apr 26",Enriched!$D$5:$D$38,"Very Serious") -> 0
A29: Severity | B29: Records | C29: Percentage | D29: Casualties | E29: =C29+D29 -> #VALUE! | F29: =SUMIF(Enriched!$M$5:$M$38,"May 26",Enriched!$Y$5:$Y$38) -> 24 | G29: =COUNTIFS(Enriched!$M$5:$M$38,"May 26",Enriched!$D$5:$D$38,"Very Serious") -> 1
A30: Serious | B30: =COUNTIF(Enriched!$D$5:$D$38,"Serious") -> 15 | C30: =ROUND(B30/COUNTA(Enriched!$A$5:$A$38)*100,0) -> 44 | D30: =SUMIF(Enriched!$D$5:$D$38,"Serious",Enriched!$W$5:$W$38) -> 34 | E30: =C30+D30 -> 78 | F30: =SUMIF(Enriched!$M$5:$M$38,"Jun 26",Enriched!$Y$5:$Y$38) -> 2 | G30: =COUNTIFS(Enriched!$M$5:$M$38,"Jun 26",Enriched!$D$5:$D$38,"Very Serious") -> 0
A31: Less Serious | B31: =COUNTIF(Enriched!$D$5:$D$38,"Less Serious") -> 9 | C31: =ROUND(B31/COUNTA(Enriched!$A$5:$A$38)*100,0) -> 26 | D31: =SUMIF(Enriched!$D$5:$D$38,"Less Serious",Enriched!$W$5:$W$38) -> 3
A32: Very Serious | B32: =COUNTIF(Enriched!$D$5:$D$38,"Very Serious") -> 8 | C32: =ROUND(B32/COUNTA(Enriched!$A$5:$A$38)*100,0) -> 24 | D32: =SUMIF(Enriched!$D$5:$D$38,"Very Serious",Enriched!$W$5:$W$38) -> 49
A33: Near Miss | B33: =COUNTIF(Enriched!$D$5:$D$38,"Near Miss") -> 2 | C33: =ROUND(B33/COUNTA(Enriched!$A$5:$A$38)*100,0) -> 6 | D33: =SUMIF(Enriched!$D$5:$D$38,"Near Miss",Enriched!$W$5:$W$38) -> 0

Sheet Causal_Analysis
A1: Causal and Consequence Analysis
A2: Excel equivalents of cause, casualty, human-factor, and seasonal interaction views.
A4: Causal Pareto View
A5: Cause | B5: Incidents | C5: Casualties | D5: Fatalities | E5: Corridors Affected | F5: Cumulative %
A6: Navigation Error | B6: =COUNTIF(Enriched!$Q$5:$Q$38,"Navigation Error") -> 15 | C6: =SUMIF(Enriched!$Q$5:$Q$38,"Navigation Error",Enriched!$W$5:$W$38) -> 40 | D6: =SUMIF(Enriched!$Q$5:$Q$38,"Navigation Error",Enriched!$U$5:$U$38) -> 5 | E6: 9 | F6: =ROUND(SUM($B$6:B6)/SUM($B$6:$B$9)*100,0) -> 44
A7: Mechanical Failure | B7: =COUNTIF(Enriched!$Q$5:$Q$38,"Mechanical Failure") -> 11 | C7: =SUMIF(Enriched!$Q$5:$Q$38,"Mechanical Failure",Enriched!$W$5:$W$38) -> 23 | D7: =SUMIF(Enriched!$Q$5:$Q$38,"Mechanical Failure",Enriched!$U$5:$U$38) -> 2 | E7: 8 | F7: =ROUND(SUM($B$6:B7)/SUM($B$6:$B$9)*100,0) -> 76
A8: Weather Conditions | B8: =COUNTIF(Enriched!$Q$5:$Q$38,"Weather Conditions") -> 5 | C8: =SUMIF(Enriched!$Q$5:$Q$38,"Weather Conditions",Enriched!$W$5:$W$38) -> 19 | D8: =SUMIF(Enriched!$Q$5:$Q$38,"Weather Conditions",Enriched!$U$5:$U$38) -> 10 | E8: 3 | F8: =ROUND(SUM($B$6:B8)/SUM($B$6:$B$9)*100,0) -> 91
A9: Human Error | B9: =COUNTIF(Enriched!$Q$5:$Q$38,"Human Error") -> 3 | C9: =SUMIF(Enriched!$Q$5:$Q$38,"Human Error",Enriched!$W$5:$W$38) -> 4 | D9: =SUMIF(Enriched!$Q$5:$Q$38,"Human Error",Enriched!$U$5:$U$38) -> 2 | E9: 2 | F9: =ROUND(SUM($B$6:B9)/SUM($B$6:$B$9)*100,0) -> 100
A22: Casualty Burden by Incident Type
A23: Incident Type | B23: Incidents | C23: Fatalities | D23: Injuries | E23: Casualties
A24: Collision | B24: =COUNTIF(Enriched!$C$5:$C$38,"Collision") -> 12 | C24: =SUMIF(Enriched!$C$5:$C$38,"Collision",Enriched!$U$5:$U$38) -> 5 | D24: =SUMIF(Enriched!$C$5:$C$38,"Collision",Enriched!$V$5:$V$38) -> 31 | E24: =C24+D24 -> 36
A25: Fire/Explosion | B25: =COUNTIF(Enriched!$C$5:$C$38,"Fire/Explosion") -> 3 | C25: =SUMIF(Enriched!$C$5:$C$38,"Fire/Explosion",Enriched!$U$5:$U$38) -> 2 | D25: =SUMIF(Enriched!$C$5:$C$38,"Fire/Explosion",Enriched!$V$5:$V$38) -> 17 | E25: =C25+D25 -> 19
A26: Capsizing | B26: =COUNTIF(Enriched!$C$5:$C$38,"Capsizing") -> 3 | C26: =SUMIF(Enriched!$C$5:$C$38,"Capsizing",Enriched!$U$5:$U$38) -> 6 | D26: =SUMIF(Enriched!$C$5:$C$38,"Capsizing",Enriched!$V$5:$V$38) -> 3 | E26: =C26+D26 -> 9
A27: Grounding | B27: =COUNTIF(Enriched!$C$5:$C$38,"Grounding") -> 4 | C27: =SUMIF(Enriched!$C$5:$C$38,"Grounding",Enriched!$U$5:$U$38) -> 0 | D27: =SUMIF(Enriched!$C$5:$C$38,"Grounding",Enriched!$V$5:$V$38) -> 6 | E27: =C27+D27 -> 6
A28: Swamping | B28: =COUNTIF(Enriched!$C$5:$C$38,"Swamping") -> 1 | C28: =SUMIF(Enriched!$C$5:$C$38,"Swamping",Enriched!$U$5:$U$38) -> 1 | D28: =SUMIF(Enriched!$C$5:$C$38,"Swamping",Enriched!$V$5:$V$38) -> 4 | E28: =C28+D28 -> 5
A29: Sinking | B29: =COUNTIF(Enriched!$C$5:$C$38,"Sinking") -> 1 | C29: =SUMIF(Enriched!$C$5:$C$38,"Sinking",Enriched!$U$5:$U$38) -> 3 | D29: =SUMIF(Enriched!$C$5:$C$38,"Sinking",Enriched!$V$5:$V$38) -> 2 | E29: =C29+D29 -> 5
A30: Machinery Failure | B30: =COUNTIF(Enriched!$C$5:$C$38,"Machinery Failure") -> 4 | C30: =SUMIF(Enriched!$C$5:$C$38,"Machinery Failure",Enriched!$U$5:$U$38) -> 0 | D30: =SUMIF(Enriched!$C$5:$C$38,"Machinery Failure",Enriched!$V$5:$V$38) -> 3 | E30: =C30+D30 -> 3
A31: Person Overboard | B31: =COUNTIF(Enriched!$C$5:$C$38,"Person Overboard") -> 2 | C31: =SUMIF(Enriched!$C$5:$C$38,"Person Overboard",Enriched!$U$5:$U$38) -> 2 | D31: =SUMIF(Enriched!$C$5:$C$38,"Person Overboard",Enriched!$V$5:$V$38) -> 0 | E31: =C31+D31 -> 2
A32: Flooding | B32: =COUNTIF(Enriched!$C$5:$C$38,"Flooding") -> 3 | C32: =SUMIF(Enriched!$C$5:$C$38,"Flooding",Enriched!$U$5:$U$38) -> 0 | D32: =SUMIF(Enriched!$C$5:$C$38,"Flooding",Enriched!$V$5:$V$38) -> 1 | E32: =C32+D32 -> 1
A33: Pollution Incident | B33: =COUNTIF(Enriched!$C$5:$C$38,"Pollution Incident") -> 1 | C33: =SUMIF(Enriched!$C$5:$C$38,"Pollution Incident",Enriched!$U$5:$U$38) -> 0 | D33: =SUMIF(Enriched!$C$5:$C$38,"Pollution Incident",Enriched!$V$5:$V$38) -> 0 | E33: =C33+D33 -> 0
A41: Human-Factor Signals
A42: Behavior Factor | B42: Count | C42: Share %
A43: Violation of Procedures | B43: =COUNTIF(Enriched!$R$5:$R$38,"*Violation of Procedures*") -> 15 | C43: =ROUND(B43/COUNTA(Enriched!$A$5:$A$38)*100,0) -> 44
A44: Communication Failure | B44: =COUNTIF(Enriched!$R$5:$R$38,"*Communication Failure*") -> 14 | C44: =ROUND(B44/COUNTA(Enriched!$A$5:$A$38)*100,0) -> 41
A45: Inadequate Training | B45: =COUNTIF(Enriched!$R$5:$R$38,"*Inadequate Training*") -> 9 | C45: =ROUND(B45/COUNTA(Enriched!$A$5:$A$38)*100,0) -> 26
A46: Fatigue | B46: =COUNTIF(Enriched!$R$5:$R$38,"*Fatigue*") -> 6 | C46: =ROUND(B46/COUNTA(Enriched!$A$5:$A$38)*100,0) -> 18
A60: Season and Visibility Interaction
A61: Season | B61: Good | C61: Moderate | D61: Poor | E61: Very Poor
A62: Northeast Monsoon | B62: =SUMIFS(Enriched!$Y$5:$Y$38,Enriched!$P$5:$P$38,"Northeast Monsoon",Enriched!$L$5:$L$38,"Good") -> 50 | C62: =SUMIFS(Enriched!$Y$5:$Y$38,Enriched!$P$5:$P$38,"Northeast Monsoon",Enriched!$L$5:$L$38,"Moderate") -> 30 | D62: =SUMIFS(Enriched!$Y$5:$Y$38,Enriched!$P$5:$P$38,"Northeast Monsoon",Enriched!$L$5:$L$38,"Poor") -> 0 | E62: =SUMIFS(Enriched!$Y$5:$Y$38,Enriched!$P$5:$P$38,"Northeast Monsoon",Enriched!$L$5:$L$38,"Very Poor") -> 0
A63: Transition Season | B63: =SUMIFS(Enriched!$Y$5:$Y$38,Enriched!$P$5:$P$38,"Transition Season",Enriched!$L$5:$L$38,"Good") -> 8 | C63: =SUMIFS(Enriched!$Y$5:$Y$38,Enriched!$P$5:$P$38,"Transition Season",Enriched!$L$5:$L$38,"Moderate") -> 36 | D63: =SUMIFS(Enriched!$Y$5:$Y$38,Enriched!$P$5:$P$38,"Transition Season",Enriched!$L$5:$L$38,"Poor") -> 72 | E63: =SUMIFS(Enriched!$Y$5:$Y$38,Enriched!$P$5:$P$38,"Transition Season",Enriched!$L$5:$L$38,"Very Poor") -> 0
A64: Southwest Monsoon | B64: =SUMIFS(Enriched!$Y$5:$Y$38,Enriched!$P$5:$P$38,"Southwest Monsoon",Enriched!$L$5:$L$38,"Good") -> 10 | C64: =SUMIFS(Enriched!$Y$5:$Y$38,Enriched!$P$5:$P$38,"Southwest Monsoon",Enriched!$L$5:$L$38,"Moderate") -> 18 | D64: =SUMIFS(Enriched!$Y$5:$Y$38,Enriched!$P$5:$P$38,"Southwest Monsoon",Enriched!$L$5:$L$38,"Poor") -> 26 | E64: =SUMIFS(Enriched!$Y$5:$Y$38,Enriched!$P$5:$P$38,"Southwest Monsoon",Enriched!$L$5:$L$38,"Very Poor") -> 0
A65: Typhoon Season | B65: =SUMIFS(Enriched!$Y$5:$Y$38,Enriched!$P$5:$P$38,"Typhoon Season",Enriched!$L$5:$L$38,"Good") -> 1 | C65: =SUMIFS(Enriched!$Y$5:$Y$38,Enriched!$P$5:$P$38,"Typhoon Season",Enriched!$L$5:$L$38,"Moderate") -> 38 | D65: =SUMIFS(Enriched!$Y$5:$Y$38,Enriched!$P$5:$P$38,"Typhoon Season",Enriched!$L$5:$L$38,"Poor") -> 32 | E65: =SUMIFS(Enriched!$Y$5:$Y$38,Enriched!$P$5:$P$38,"Typhoon Season",Enriched!$L$5:$L$38,"Very Poor") -> 0
A68: Note | B68: The mockup used a matrix here because seasonal pressure by visibility band is easier to scan than another line or bar chart.

Sheet Exposure_Analysis
A1: Maritime Exposure Analysis
A2: Corridor, sea area, vessel class, and seasonal operating pressure views.
A4: Corridor Risk Ranking
A5: Corridor | B5: Sea Area | C5: Records | D5: Fatalities | E5: Injuries | F5: Risk Index | G5: Avg. Completeness
A6: Batangas-Calapan Transit Lane | B6: Verde Island Passage | C6: =COUNTIF(Enriched!$J$5:$J$38,"Batangas-Calapan Transit Lane") -> 4 | D6: =SUMIF(Enriched!$J$5:$J$38,"Batangas-Calapan Transit Lane",Enriched!$U$5:$U$38) -> 1 | E6: =SUMIF(Enriched!$J$5:$J$38,"Batangas-Calapan Transit Lane",Enriched!$V$5:$V$38) -> 15 | F6: =SUMIF(Enriched!$J$5:$J$38,"Batangas-Calapan Transit Lane",Enriched!$Y$5:$Y$38) -> 56 | G6: =ROUND(AVERAGEIF(Enriched!$J$5:$J$38,"Batangas-Calapan Transit Lane",Enriched!$AD$5:$AD$38),0) -> 100
A7: Manila Bay South Approach | B7: Manila Bay | C7: =COUNTIF(Enriched!$J$5:$J$38,"Manila Bay South Approach") -> 2 | D7: =SUMIF(Enriched!$J$5:$J$38,"Manila Bay South Approach",Enriched!$U$5:$U$38) -> 3 | E7: =SUMIF(Enriched!$J$5:$J$38,"Manila Bay South Approach",Enriched!$V$5:$V$38) -> 7 | F7: =SUMIF(Enriched!$J$5:$J$38,"Manila Bay South Approach",Enriched!$Y$5:$Y$38) -> 41 | G7: =ROUND(AVERAGEIF(Enriched!$J$5:$J$38,"Manila Bay South Approach",Enriched!$AD$5:$AD$38),0) -> 100
A8: Manila Bay North Approach | B8: Manila Bay | C8: =COUNTIF(Enriched!$J$5:$J$38,"Manila Bay North Approach") -> 3 | D8: =SUMIF(Enriched!$J$5:$J$38,"Manila Bay North Approach",Enriched!$U$5:$U$38) -> 2 | E8: =SUMIF(Enriched!$J$5:$J$38,"Manila Bay North Approach",Enriched!$V$5:$V$38) -> 8 | F8: =SUMIF(Enriched!$J$5:$J$38,"Manila Bay North Approach",Enriched!$Y$5:$Y$38) -> 40 | G8: =ROUND(AVERAGEIF(Enriched!$J$5:$J$38,"Manila Bay North Approach",Enriched!$AD$5:$AD$38),0) -> 100
A9: Cebu-Mactan Southern Approach | B9: Cebu Strait | C9: =COUNTIF(Enriched!$J$5:$J$38,"Cebu-Mactan Southern Approach") -> 4 | D9: =SUMIF(Enriched!$J$5:$J$38,"Cebu-Mactan Southern Approach",Enriched!$U$5:$U$38) -> 0 | E9: =SUMIF(Enriched!$J$5:$J$38,"Cebu-Mactan Southern Approach",Enriched!$V$5:$V$38) -> 12 | F9: =SUMIF(Enriched!$J$5:$J$38,"Cebu-Mactan Southern Approach",Enriched!$Y$5:$Y$38) -> 37 | G9: =ROUND(AVERAGEIF(Enriched!$J$5:$J$38,"Cebu-Mactan Southern Approach",Enriched!$AD$5:$AD$38),0) -> 100
A10: Liloan-Surigao Crossing | B10: Surigao Strait | C10: =COUNTIF(Enriched!$J$5:$J$38,"Liloan-Surigao Crossing") -> 3 | D10: =SUMIF(Enriched!$J$5:$J$38,"Liloan-Surigao Crossing",Enriched!$U$5:$U$38) -> 4 | E10: =SUMIF(Enriched!$J$5:$J$38,"Liloan-Surigao Crossing",Enriched!$V$5:$V$38) -> 6 | F10: =SUMIF(Enriched!$J$5:$J$38,"Liloan-Surigao Crossing",Enriched!$Y$5:$Y$38) -> 35 | G10: =ROUND(AVERAGEIF(Enriched!$J$5:$J$38,"Liloan-Surigao Crossing",Enriched!$AD$5:$AD$38),0) -> 100
A11: Matnog-Allen Ferry Transit | B11: San Bernardino Strait | C11: =COUNTIF(Enriched!$J$5:$J$38,"Matnog-Allen Ferry Transit") -> 3 | D11: =SUMIF(Enriched!$J$5:$J$38,"Matnog-Allen Ferry Transit",Enriched!$U$5:$U$38) -> 1 | E11: =SUMIF(Enriched!$J$5:$J$38,"Matnog-Allen Ferry Transit",Enriched!$V$5:$V$38) -> 8 | F11: =SUMIF(Enriched!$J$5:$J$38,"Matnog-Allen Ferry Transit",Enriched!$Y$5:$Y$38) -> 31 | G11: =ROUND(AVERAGEIF(Enriched!$J$5:$J$38,"Matnog-Allen Ferry Transit",Enriched!$AD$5:$AD$38),0) -> 100
A12: Macajalar Bay Bulk Access Lane | B12: Macajalar Bay | C12: =COUNTIF(Enriched!$J$5:$J$38,"Macajalar Bay Bulk Access Lane") -> 3 | D12: =SUMIF(Enriched!$J$5:$J$38,"Macajalar Bay Bulk Access Lane",Enriched!$U$5:$U$38) -> 1 | E12: =SUMIF(Enriched!$J$5:$J$38,"Macajalar Bay Bulk Access Lane",Enriched!$V$5:$V$38) -> 6 | F12: =SUMIF(Enriched!$J$5:$J$38,"Macajalar Bay Bulk Access Lane",Enriched!$Y$5:$Y$38) -> 29 | G12: =ROUND(AVERAGEIF(Enriched!$J$5:$J$38,"Macajalar Bay Bulk Access Lane",Enriched!$AD$5:$AD$38),0) -> 100
A13: Samal-Davao Pilotage Route | B13: Davao Gulf | C13: =COUNTIF(Enriched!$J$5:$J$38,"Samal-Davao Pilotage Route") -> 4 | D13: =SUMIF(Enriched!$J$5:$J$38,"Samal-Davao Pilotage Route",Enriched!$U$5:$U$38) -> 5 | E13: =SUMIF(Enriched!$J$5:$J$38,"Samal-Davao Pilotage Route",Enriched!$V$5:$V$38) -> 1 | F13: =SUMIF(Enriched!$J$5:$J$38,"Samal-Davao Pilotage Route",Enriched!$Y$5:$Y$38) -> 28 | G13: =ROUND(AVERAGEIF(Enriched!$J$5:$J$38,"Samal-Davao Pilotage Route",Enriched!$AD$5:$AD$38),0) -> 100
A14: Puerto Princesa Western Approach | B14: Palawan Approaches | C14: =COUNTIF(Enriched!$J$5:$J$38,"Puerto Princesa Western Approach") -> 3 | D14: =SUMIF(Enriched!$J$5:$J$38,"Puerto Princesa Western Approach",Enriched!$U$5:$U$38) -> 1 | E14: =SUMIF(Enriched!$J$5:$J$38,"Puerto Princesa Western Approach",Enriched!$V$5:$V$38) -> 2 | F14: =SUMIF(Enriched!$J$5:$J$38,"Puerto Princesa Western Approach",Enriched!$Y$5:$Y$38) -> 12 | G14: =ROUND(AVERAGEIF(Enriched!$J$5:$J$38,"Puerto Princesa Western Approach",Enriched!$AD$5:$AD$38),0) -> 100
A15: Iloilo-Guimaras Transit Lane | B15: Iloilo Strait | C15: =COUNTIF(Enriched!$J$5:$J$38,"Iloilo-Guimaras Transit Lane") -> 3 | D15: =SUMIF(Enriched!$J$5:$J$38,"Iloilo-Guimaras Transit Lane",Enriched!$U$5:$U$38) -> 0 | E15: =SUMIF(Enriched!$J$5:$J$38,"Iloilo-Guimaras Transit Lane",Enriched!$V$5:$V$38) -> 1 | F15: =SUMIF(Enriched!$J$5:$J$38,"Iloilo-Guimaras Transit Lane",Enriched!$Y$5:$Y$38) -> 6 | G15: =ROUND(AVERAGEIF(Enriched!$J$5:$J$38,"Iloilo-Guimaras Transit Lane",Enriched!$AD$5:$AD$38),0) -> 100
A16: Cebu-Bohol Passenger Corridor | B16: Bohol Sea | C16: =COUNTIF(Enriched!$J$5:$J$38,"Cebu-Bohol Passenger Corridor") -> 2 | D16: =SUMIF(Enriched!$J$5:$J$38,"Cebu-Bohol Passenger Corridor",Enriched!$U$5:$U$38) -> 1 | E16: =SUMIF(Enriched!$J$5:$J$38,"Cebu-Bohol Passenger Corridor",Enriched!$V$5:$V$38) -> 1 | F16: =SUMIF(Enriched!$J$5:$J$38,"Cebu-Bohol Passenger Corridor",Enriched!$Y$5:$Y$38) -> 6 | G16: =ROUND(AVERAGEIF(Enriched!$J$5:$J$38,"Cebu-Bohol Passenger Corridor",Enriched!$AD$5:$AD$38),0) -> 100
A24: Sea Area Exposure
A25: Sea Area | B25: Records | C25: Fatalities | D25: Injuries | E25: Risk Index
A26: Manila Bay | B26: =COUNTIF(Enriched!$I$5:$I$38,"Manila Bay") -> 5 | C26: =SUMIF(Enriched!$I$5:$I$38,"Manila Bay",Enriched!$U$5:$U$38) -> 5 | D26: =SUMIF(Enriched!$I$5:$I$38,"Manila Bay",Enriched!$V$5:$V$38) -> 15 | E26: =SUMIF(Enriched!$I$5:$I$38,"Manila Bay",Enriched!$Y$5:$Y$38) -> 81
A27: Verde Island Passage | B27: =COUNTIF(Enriched!$I$5:$I$38,"Verde Island Passage") -> 4 | C27: =SUMIF(Enriched!$I$5:$I$38,"Verde Island Passage",Enriched!$U$5:$U$38) -> 1 | D27: =SUMIF(Enriched!$I$5:$I$38,"Verde Island Passage",Enriched!$V$5:$V$38) -> 15 | E27: =SUMIF(Enriched!$I$5:$I$38,"Verde Island Passage",Enriched!$Y$5:$Y$38) -> 56
A28: Cebu Strait | B28: =COUNTIF(Enriched!$I$5:$I$38,"Cebu Strait") -> 4 | C28: =SUMIF(Enriched!$I$5:$I$38,"Cebu Strait",Enriched!$U$5:$U$38) -> 0 | D28: =SUMIF(Enriched!$I$5:$I$38,"Cebu Strait",Enriched!$V$5:$V$38) -> 12 | E28: =SUMIF(Enriched!$I$5:$I$38,"Cebu Strait",Enriched!$Y$5:$Y$38) -> 37
A29: Surigao Strait | B29: =COUNTIF(Enriched!$I$5:$I$38,"Surigao Strait") -> 3 | C29: =SUMIF(Enriched!$I$5:$I$38,"Surigao Strait",Enriched!$U$5:$U$38) -> 4 | D29: =SUMIF(Enriched!$I$5:$I$38,"Surigao Strait",Enriched!$V$5:$V$38) -> 6 | E29: =SUMIF(Enriched!$I$5:$I$38,"Surigao Strait",Enriched!$Y$5:$Y$38) -> 35
A30: San Bernardino Strait | B30: =COUNTIF(Enriched!$I$5:$I$38,"San Bernardino Strait") -> 3 | C30: =SUMIF(Enriched!$I$5:$I$38,"San Bernardino Strait",Enriched!$U$5:$U$38) -> 1 | D30: =SUMIF(Enriched!$I$5:$I$38,"San Bernardino Strait",Enriched!$V$5:$V$38) -> 8 | E30: =SUMIF(Enriched!$I$5:$I$38,"San Bernardino Strait",Enriched!$Y$5:$Y$38) -> 31
A31: Macajalar Bay | B31: =COUNTIF(Enriched!$I$5:$I$38,"Macajalar Bay") -> 3 | C31: =SUMIF(Enriched!$I$5:$I$38,"Macajalar Bay",Enriched!$U$5:$U$38) -> 1 | D31: =SUMIF(Enriched!$I$5:$I$38,"Macajalar Bay",Enriched!$V$5:$V$38) -> 6 | E31: =SUMIF(Enriched!$I$5:$I$38,"Macajalar Bay",Enriched!$Y$5:$Y$38) -> 29
A32: Davao Gulf | B32: =COUNTIF(Enriched!$I$5:$I$38,"Davao Gulf") -> 4 | C32: =SUMIF(Enriched!$I$5:$I$38,"Davao Gulf",Enriched!$U$5:$U$38) -> 5 | D32: =SUMIF(Enriched!$I$5:$I$38,"Davao Gulf",Enriched!$V$5:$V$38) -> 1 | E32: =SUMIF(Enriched!$I$5:$I$38,"Davao Gulf",Enriched!$Y$5:$Y$38) -> 28
A33: Palawan Approaches | B33: =COUNTIF(Enriched!$I$5:$I$38,"Palawan Approaches") -> 3 | C33: =SUMIF(Enriched!$I$5:$I$38,"Palawan Approaches",Enriched!$U$5:$U$38) -> 1 | D33: =SUMIF(Enriched!$I$5:$I$38,"Palawan Approaches",Enriched!$V$5:$V$38) -> 2 | E33: =SUMIF(Enriched!$I$5:$I$38,"Palawan Approaches",Enriched!$Y$5:$Y$38) -> 12
A34: Iloilo Strait | B34: =COUNTIF(Enriched!$I$5:$I$38,"Iloilo Strait") -> 3 | C34: =SUMIF(Enriched!$I$5:$I$38,"Iloilo Strait",Enriched!$U$5:$U$38) -> 0 | D34: =SUMIF(Enriched!$I$5:$I$38,"Iloilo Strait",Enriched!$V$5:$V$38) -> 1 | E34: =SUMIF(Enriched!$I$5:$I$38,"Iloilo Strait",Enriched!$Y$5:$Y$38) -> 6
A35: Bohol Sea | B35: =COUNTIF(Enriched!$I$5:$I$38,"Bohol Sea") -> 2 | C35: =SUMIF(Enriched!$I$5:$I$38,"Bohol Sea",Enriched!$U$5:$U$38) -> 1 | D35: =SUMIF(Enriched!$I$5:$I$38,"Bohol Sea",Enriched!$V$5:$V$38) -> 1 | E35: =SUMIF(Enriched!$I$5:$I$38,"Bohol Sea",Enriched!$Y$5:$Y$38) -> 6
A43: Vessel Class Exposure
A44: Vessel Type | B44: Record Count | C44: Risk Index | D44: Casualties | E44: Severity Index
A45: Bulk Carrier | B45: =COUNTIF(Enriched!$E$5:$E$38,"Bulk Carrier") -> 5 | C45: =SUMIF(Enriched!$E$5:$E$38,"Bulk Carrier",Enriched!$Y$5:$Y$38) -> 83 | D45: =SUMIF(Enriched!$E$5:$E$38,"Bulk Carrier",Enriched!$W$5:$W$38) -> 21 | E45: =ROUND(C45/MAX(B45,1),0) -> 17
A46: Oil Tanker | B46: =COUNTIF(Enriched!$E$5:$E$38,"Oil Tanker") -> 5 | C46: =SUMIF(Enriched!$E$5:$E$38,"Oil Tanker",Enriched!$Y$5:$Y$38) -> 81 | D46: =SUMIF(Enriched!$E$5:$E$38,"Oil Tanker",Enriched!$W$5:$W$38) -> 21 | E46: =ROUND(C46/MAX(B46,1),0) -> 16
A47: Fishing Vessel | B47: =COUNTIF(Enriched!$E$5:$E$38,"Fishing Vessel") -> 5 | C47: =SUMIF(Enriched!$E$5:$E$38,"Fishing Vessel",Enriched!$Y$5:$Y$38) -> 59 | D47: =SUMIF(Enriched!$E$5:$E$38,"Fishing Vessel",Enriched!$W$5:$W$38) -> 16 | E47: =ROUND(C47/MAX(B47,1),0) -> 12
A48: Ferry | B48: =COUNTIF(Enriched!$E$5:$E$38,"Ferry") -> 9 | C48: =SUMIF(Enriched!$E$5:$E$38,"Ferry",Enriched!$Y$5:$Y$38) -> 46 | D48: =SUMIF(Enriched!$E$5:$E$38,"Ferry",Enriched!$W$5:$W$38) -> 14 | E48: =ROUND(C48/MAX(B48,1),0) -> 5
A49: General Cargo | B49: =COUNTIF(Enriched!$E$5:$E$38,"General Cargo") -> 4 | C49: =SUMIF(Enriched!$E$5:$E$38,"General Cargo",Enriched!$Y$5:$Y$38) -> 30 | D49: =SUMIF(Enriched!$E$5:$E$38,"General Cargo",Enriched!$W$5:$W$38) -> 9 | E49: =ROUND(C49/MAX(B49,1),0) -> 8
A50: Passenger Vessel | B50: =COUNTIF(Enriched!$E$5:$E$38,"Passenger Vessel") -> 2 | C50: =SUMIF(Enriched!$E$5:$E$38,"Passenger Vessel",Enriched!$Y$5:$Y$38) -> 15 | D50: =SUMIF(Enriched!$E$5:$E$38,"Passenger Vessel",Enriched!$W$5:$W$38) -> 5 | E50: =ROUND(C50/MAX(B50,1),0) -> 8
A51: Container Ship | B51: =COUNTIF(Enriched!$E$5:$E$38,"Container Ship") -> 4 | C51: =SUMIF(Enriched!$E$5:$E$38,"Container Ship",Enriched!$Y$5:$Y$38) -> 7 | D51: =SUMIF(Enriched!$E$5:$E$38,"Container Ship",Enriched!$W$5:$W$38) -> 0 | E51: =ROUND(C51/MAX(B51,1),0) -> 2
A62: Seasonal Operating Pressure
A63: Season | B63: Incidents | C63: Casualties | D63: Risk Index
A64: Northeast Monsoon | B64: =COUNTIF(Enriched!$P$5:$P$38,"Northeast Monsoon") -> 9 | C64: =SUMIF(Enriched!$P$5:$P$38,"Northeast Monsoon",Enriched!$W$5:$W$38) -> 24 | D64: =SUMIF(Enriched!$P$5:$P$38,"Northeast Monsoon",Enriched!$Y$5:$Y$38) -> 80
A65: Transition Season | B65: =COUNTIF(Enriched!$P$5:$P$38,"Transition Season") -> 13 | C65: =SUMIF(Enriched!$P$5:$P$38,"Transition Season",Enriched!$W$5:$W$38) -> 30 | D65: =SUMIF(Enriched!$P$5:$P$38,"Transition Season",Enriched!$Y$5:$Y$38) -> 116
A66: Southwest Monsoon | B66: =COUNTIF(Enriched!$P$5:$P$38,"Southwest Monsoon") -> 8 | C66: =SUMIF(Enriched!$P$5:$P$38,"Southwest Monsoon",Enriched!$W$5:$W$38) -> 14 | D66: =SUMIF(Enriched!$P$5:$P$38,"Southwest Monsoon",Enriched!$Y$5:$Y$38) -> 54
A67: Typhoon Season | B67: =COUNTIF(Enriched!$P$5:$P$38,"Typhoon Season") -> 4 | C67: =SUMIF(Enriched!$P$5:$P$38,"Typhoon Season",Enriched!$W$5:$W$38) -> 18 | D67: =SUMIF(Enriched!$P$5:$P$38,"Typhoon Season",Enriched!$Y$5:$Y$38) -> 71
A81: Priority Corridor Review Table
A82: Sea Area | B82: Corridor | C82: Records | D82: Fatalities | E82: Risk Index | F82: Dominant Cause | G82: Avg. Completeness
A83: Verde Island Passage | B83: Batangas-Calapan Transit Lane | C83: =COUNTIF(Enriched!$J$5:$J$38,"Batangas-Calapan Transit Lane") -> 4 | D83: =SUMIF(Enriched!$J$5:$J$38,"Batangas-Calapan Transit Lane",Enriched!$U$5:$U$38) -> 1 | E83: =SUMIF(Enriched!$J$5:$J$38,"Batangas-Calapan Transit Lane",Enriched!$Y$5:$Y$38) -> 56 | F83: Navigation Error | G83: =ROUND(AVERAGEIF(Enriched!$J$5:$J$38,"Batangas-Calapan Transit Lane",Enriched!$AD$5:$AD$38),0) -> 100
A84: Manila Bay | B84: Manila Bay South Approach | C84: =COUNTIF(Enriched!$J$5:$J$38,"Manila Bay South Approach") -> 2 | D84: =SUMIF(Enriched!$J$5:$J$38,"Manila Bay South Approach",Enriched!$U$5:$U$38) -> 3 | E84: =SUMIF(Enriched!$J$5:$J$38,"Manila Bay South Approach",Enriched!$Y$5:$Y$38) -> 41 | F84: Navigation Error | G84: =ROUND(AVERAGEIF(Enriched!$J$5:$J$38,"Manila Bay South Approach",Enriched!$AD$5:$AD$38),0) -> 100
A85: Manila Bay | B85: Manila Bay North Approach | C85: =COUNTIF(Enriched!$J$5:$J$38,"Manila Bay North Approach") -> 3 | D85: =SUMIF(Enriched!$J$5:$J$38,"Manila Bay North Approach",Enriched!$U$5:$U$38) -> 2 | E85: =SUMIF(Enriched!$J$5:$J$38,"Manila Bay North Approach",Enriched!$Y$5:$Y$38) -> 40 | F85: Navigation Error | G85: =ROUND(AVERAGEIF(Enriched!$J$5:$J$38,"Manila Bay North Approach",Enriched!$AD$5:$AD$38),0) -> 100
A86: Cebu Strait | B86: Cebu-Mactan Southern Approach | C86: =COUNTIF(Enriched!$J$5:$J$38,"Cebu-Mactan Southern Approach") -> 4 | D86: =SUMIF(Enriched!$J$5:$J$38,"Cebu-Mactan Southern Approach",Enriched!$U$5:$U$38) -> 0 | E86: =SUMIF(Enriched!$J$5:$J$38,"Cebu-Mactan Southern Approach",Enriched!$Y$5:$Y$38) -> 37 | F86: Navigation Error | G86: =ROUND(AVERAGEIF(Enriched!$J$5:$J$38,"Cebu-Mactan Southern Approach",Enriched!$AD$5:$AD$38),0) -> 100
A87: Surigao Strait | B87: Liloan-Surigao Crossing | C87: =COUNTIF(Enriched!$J$5:$J$38,"Liloan-Surigao Crossing") -> 3 | D87: =SUMIF(Enriched!$J$5:$J$38,"Liloan-Surigao Crossing",Enriched!$U$5:$U$38) -> 4 | E87: =SUMIF(Enriched!$J$5:$J$38,"Liloan-Surigao Crossing",Enriched!$Y$5:$Y$38) -> 35 | F87: Weather Conditions | G87: =ROUND(AVERAGEIF(Enriched!$J$5:$J$38,"Liloan-Surigao Crossing",Enriched!$AD$5:$AD$38),0) -> 100
A88: San Bernardino Strait | B88: Matnog-Allen Ferry Transit | C88: =COUNTIF(Enriched!$J$5:$J$38,"Matnog-Allen Ferry Transit") -> 3 | D88: =SUMIF(Enriched!$J$5:$J$38,"Matnog-Allen Ferry Transit",Enriched!$U$5:$U$38) -> 1 | E88: =SUMIF(Enriched!$J$5:$J$38,"Matnog-Allen Ferry Transit",Enriched!$Y$5:$Y$38) -> 31 | F88: Mechanical Failure | G88: =ROUND(AVERAGEIF(Enriched!$J$5:$J$38,"Matnog-Allen Ferry Transit",Enriched!$AD$5:$AD$38),0) -> 100

Sheet Quality_Analysis
A1: Evidence Quality Analysis
A2: Completeness, workflow maturity, and reporting-channel views.
A4: Critical Gaps for Policy Use
A5: Metric | B5: Description | C5: Captured | D5: Total | E5: Coverage % | H5: Metric | I5: Description | J5: Coverage %
A6: Registry identifiers | B6: IMO number or official number captured | C6: =COUNTIF(Enriched!$Z$5:$Z$999,1) -> 34 | D6: =COUNTA(Enriched!$A$5:$A$999) -> 34 | E6: =ROUND(C6/D6*100,0) -> 100 | H6: Registry identifiers | I6: IMO number or official number captured | J6: =INDEX($E$6:$E$11,MATCH(H6,$A$6:$A$11,0)) -> 100
A7: Voyage and route details | B7: Origin, destination, and route context documented | C7: =COUNTIFS(Enriched!$AA$5:$AA$999,1,Enriched!$AC$5:$AC$999,"<>Route pending") -> 34 | D7: =COUNTA(Enriched!$A$5:$A$999) -> 34 | E7: =ROUND(C7/D7*100,0) -> 100 | H7: Voyage and route details | I7: Origin, destination, and route context documented | J7: =INDEX($E$6:$E$11,MATCH(H7,$A$6:$A$11,0)) -> 100
A8: Weather observations | B8: Wave height, wind force, and visibility present | C8: =COUNTIF(Enriched!$AB$5:$AB$999,1) -> 34 | D8: =COUNTA(Enriched!$A$5:$A$999) -> 34 | E8: =ROUND(C8/D8*100,0) -> 100 | H8: Weather observations | I8: Wave height, wind force, and visibility present | J8: =INDEX($E$6:$E$11,MATCH(H8,$A$6:$A$11,0)) -> 100
A9: Cause findings | B9: Primary cause and findings documented | C9: =COUNTIFS(Raw_Incidents!$AR$5:$AR$999,"<>",Raw_Incidents!$AS$5:$AS$999,"<>") -> 34 | D9: =COUNTA(Enriched!$A$5:$A$999) -> 34 | E9: =ROUND(C9/D9*100,0) -> 100 | H9: Cause findings | I9: Primary cause and findings documented | J9: =INDEX($E$6:$E$11,MATCH(H9,$A$6:$A$11,0)) -> 100
A10: Linked evidence | B10: Attachments or supporting documents referenced | C10: =COUNTIF(Enriched!$AE$5:$AE$999,1) -> 34 | D10: =COUNTA(Enriched!$A$5:$A$999) -> 34 | E10: =ROUND(C10/D10*100,0) -> 100 | H10: Linked evidence | I10: Attachments or supporting documents referenced | J10: =INDEX($E$6:$E$11,MATCH(H10,$A$6:$A$11,0)) -> 100
A11: Ownership and operator | B11: Accountable entity information available | C11: =COUNTIFS(Raw_Incidents!$AB$5:$AB$999,"<>")+COUNTIFS(Raw_Incidents!$AD$5:$AD$999,"<>")-COUNTIFS(Raw_Incidents!$AB$5:$AB$999,"<>",Raw_Incidents!$AD$5:$AD$999,"<>") -> 34 | D11: =COUNTA(Enriched!$A$5:$A$999) -> 34 | E11: =ROUND(C11/D11*100,0) -> 100 | H11: Ownership and operator | I11: Accountable entity information available | J11: =INDEX($E$6:$E$11,MATCH(H11,$A$6:$A$11,0)) -> 100
A23: Reporting Pathways
A24: Status | B24: Records | C24: Avg. Completeness | L24: Reporting Method | M24: Records
A25: Published | B25: =COUNTIF(Enriched!$G$5:$G$38,"Published") -> 15 | C25: =ROUND(AVERAGEIF(Enriched!$G$5:$G$38,"Published",Enriched!$AD$5:$AD$38),0) -> 100 | L25: Web Portal | M25: =COUNTIF(Enriched!$AK$5:$AK$38,"Web Portal") -> 10
A26: Verified | B26: =COUNTIF(Enriched!$G$5:$G$38,"Verified") -> 12 | C26: =ROUND(AVERAGEIF(Enriched!$G$5:$G$38,"Verified",Enriched!$AD$5:$AD$38),0) -> 100 | L26: Inter-agency Intake | M26: =COUNTIF(Enriched!$AK$5:$AK$38,"Inter-agency Intake") -> 8
A27: Under Review | B27: =COUNTIF(Enriched!$G$5:$G$38,"Under Review") -> 7 | C27: =ROUND(AVERAGEIF(Enriched!$G$5:$G$38,"Under Review",Enriched!$AD$5:$AD$38),0) -> 100 | L27: Mobile App | M27: =COUNTIF(Enriched!$AK$5:$AK$38,"Mobile App") -> 7
L28: Manual Encoding | M28: =COUNTIF(Enriched!$AK$5:$AK$38,"Manual Encoding") -> 5
L29: Email Intake | M29: =COUNTIF(Enriched!$AK$5:$AK$38,"Email Intake") -> 4

Sheet Policy_Brief
A1: Policy Brief and Evidence Packets
A2: Excel equivalent of the mockup's policy page, grounded in formula-driven evidence tables.
A4: Top Corridor at Risk | C4: Leading Repeat Cause | E4: Small-Craft Weather Records | G4: Avg. Evidence Completeness
A5: =Exposure_Analysis!A6 -> Batangas-Calapan Transit Lane | C5: =Causal_Analysis!A6 -> Navigation Error | E5: =COUNTIFS(Enriched!$Q$5:$Q$999,"Weather Conditions",Enriched!$E$5:$E$999,"Fishing Vessel") -> 4 | G5: =ROUND(AVERAGE(Enriched!$AD$5:$AD$999),0)&"%" -> 100%
A7: Highest-risk corridor from the exposure sheet | C7: Top cause from the Pareto table | E7: Fishing-vessel weather cases in the model | G7: Overall completeness across enriched records
A11: Evidence Packages for Immediate Action
A12: Title | B12: Priority | C12: Instrument | D12: Lead | E12: Supporting Records | F12: Fatalities | G12: Injuries | H12: Confidence Score | I12: Confidence Label | J12: Evidence Summary | K12: Confidence Note | L12: Recommended Action
A13: Traffic and separation controls in Batangas-Calapan Transit Lane | B13: High | C13: Corridor management circular | D13: MARINA / PCG / Port authorities | E13: =COUNTIF(Enriched!$J$5:$J$38,"Batangas-Calapan Transit Lane") -> 4 | F13: =SUMIF(Enriched!$J$5:$J$38,"Batangas-Calapan Transit Lane",Enriched!$U$5:$U$38) -> 1 | G13: =SUMIF(Enriched!$J$5:$J$38,"Batangas-Calapan Transit Lane",Enriched!$V$5:$V$38) -> 15 | H13: =ROUND((AVERAGEIF(Enriched!$J$5:$J$38,"Batangas-Calapan Transit Lane",Enriched!$AD$5:$AD$38)*0.5)+(COUNTIFS(Enriched!$J$5:$J$38,"Batangas-Calapan Transit Lane",Enriched!$AE$5:$AE$38,1)/E13*100*0.25)+(COUNTIFS(Enriched!$J$5:$J$38,"Batangas-Calapan Transit Lane",Enriched!$AF$5:$AF$38,1)/E13*100*0.25),0) -> 88 | I13: =IF(H13>=80,"High",IF(H13>=65,"Moderate","Low")) -> High | J13: =E13&" supporting records, "&F13&" fatalities, "&G13&" injuries, and "&ROUND(AVERAGE(Enriched!$AD$5:$AD$38),0)&"% average record completeness." -> 4 supporting records, 1 fatalities, 15 injuries, and 100% average record completeness. | K13: =I13&" confidence based on subset completeness, linked evidence coverage, and review maturity." -> High confidence based on subset completeness, linked evidence coverage, and review maturity. | L13: Prioritize lane discipline, small-craft separation, and approach-control guidance in the highest-risk corridor.
A14: Navigation-error reduction through bridge procedure enforcement | B14: High | C14: Bridge procedure advisory | D14: MARINA / PCG / Shipping operators | E14: =COUNTIF(Enriched!$Q$5:$Q$38,"Navigation Error") -> 15 | F14: =SUMIF(Enriched!$Q$5:$Q$38,"Navigation Error",Enriched!$U$5:$U$38) -> 5 | G14: =SUMIF(Enriched!$Q$5:$Q$38,"Navigation Error",Enriched!$V$5:$V$38) -> 35 | H14: =ROUND((AVERAGEIF(Enriched!$Q$5:$Q$38,"Navigation Error",Enriched!$AD$5:$AD$38)*0.5)+(COUNTIFS(Enriched!$Q$5:$Q$38,"Navigation Error",Enriched!$AE$5:$AE$38,1)/E14*100*0.25)+(COUNTIFS(Enriched!$Q$5:$Q$38,"Navigation Error",Enriched!$AF$5:$AF$38,1)/E14*100*0.25),0) -> 92 | I14: =IF(H14>=80,"High",IF(H14>=65,"Moderate","Low")) -> High | J14: =E14&" supporting records, "&F14&" fatalities, "&G14&" injuries, and "&ROUND(AVERAGE(Enriched!$AD$5:$AD$38),0)&"% average record completeness." -> 15 supporting records, 5 fatalities, 35 injuries, and 100% average record completeness. | K14: =I14&" confidence based on subset completeness, linked evidence coverage, and review maturity." -> High confidence based on subset completeness, linked evidence coverage, and review maturity. | L14: Target bridge communication, lookout reinforcement, and route cross-checking requirements where navigation error recurs.
A15: Small-craft weather protection for fishing operations | B15: High | C15: Small-craft safety advisory | D15: PCG / BFAR / Local port authorities | E15: =COUNTIFS(Enriched!$Q$5:$Q$38,"Weather Conditions",Enriched!$E$5:$E$38,"Fishing Vessel") -> 4 | F15: =SUMIFS(Enriched!$U$5:$U$38,Enriched!$Q$5:$Q$38,"Weather Conditions",Enriched!$E$5:$E$38,"Fishing Vessel") -> 9 | G15: =SUMIFS(Enriched!$V$5:$V$38,Enriched!$Q$5:$Q$38,"Weather Conditions",Enriched!$E$5:$E$38,"Fishing Vessel") -> 5 | H15: =ROUND((AVERAGEIFS(Enriched!$AD$5:$AD$38,Enriched!$Q$5:$Q$38,"Weather Conditions",Enriched!$E$5:$E$38,"Fishing Vessel")*0.5)+(COUNTIFS(Enriched!$Q$5:$Q$38,"Weather Conditions",Enriched!$E$5:$E$38,"Fishing Vessel",Enriched!$AE$5:$AE$38,1)/E15*100*0.25)+(COUNTIFS(Enriched!$Q$5:$Q$38,"Weather Conditions",Enriched!$E$5:$E$38,"Fishing Vessel",Enriched!$AF$5:$AF$38,1)/E15*100*0.25),0) -> 100 | I15: =IF(H15>=80,"High",IF(H15>=65,"Moderate","Low")) -> High | J15: =E15&" supporting records, "&F15&" fatalities, "&G15&" injuries, and "&ROUND(AVERAGE(Enriched!$AD$5:$AD$38),0)&"% average record completeness." -> 4 supporting records, 9 fatalities, 5 injuries, and 100% average record completeness. | K15: =I15&" confidence based on subset completeness, linked evidence coverage, and review maturity." -> High confidence based on subset completeness, linked evidence coverage, and review maturity. | L15: Strengthen go/no-go weather controls, squall advisories, and stability guidance for fishing vessels operating in exposed corridors.
A16: Machinery-readiness checks on ferries, tankers, and merchant arrivals | B16: Medium | C16: Inspection and readiness memo | D16: MARINA / Port state and domestic inspection units | E16: =COUNTIF(Enriched!$Q$5:$Q$38,"Mechanical Failure") -> 11 | F16: =SUMIF(Enriched!$Q$5:$Q$38,"Mechanical Failure",Enriched!$U$5:$U$38) -> 2 | G16: =SUMIF(Enriched!$Q$5:$Q$38,"Mechanical Failure",Enriched!$V$5:$V$38) -> 21 | H16: =ROUND((AVERAGEIF(Enriched!$Q$5:$Q$38,"Mechanical Failure",Enriched!$AD$5:$AD$38)*0.5)+(COUNTIFS(Enriched!$Q$5:$Q$38,"Mechanical Failure",Enriched!$AE$5:$AE$38,1)/E16*100*0.25)+(COUNTIFS(Enriched!$Q$5:$Q$38,"Mechanical Failure",Enriched!$AF$5:$AF$38,1)/E16*100*0.25),0) -> 95 | I16: =IF(H16>=80,"High",IF(H16>=65,"Moderate","Low")) -> High | J16: =E16&" supporting records, "&F16&" fatalities, "&G16&" injuries, and "&ROUND(AVERAGE(Enriched!$AD$5:$AD$38),0)&"% average record completeness." -> 11 supporting records, 2 fatalities, 21 injuries, and 100% average record completeness. | K16: =I16&" confidence based on subset completeness, linked evidence coverage, and review maturity." -> High confidence based on subset completeness, linked evidence coverage, and review maturity. | L16: Use repeat mechanical cases to focus machinery-readiness inspections before corridor entry, berthing, or discharge operations.
A29: Corridor Evidence Register
A30: Sea Area | B30: Corridor | C30: Records | D30: Fatalities | E30: Risk Index | F30: Dominant Cause | G30: Avg. Completeness
A31: Verde Island Passage | B31: Batangas-Calapan Transit Lane | C31: =COUNTIF(Enriched!$J$5:$J$38,"Batangas-Calapan Transit Lane") -> 4 | D31: =SUMIF(Enriched!$J$5:$J$38,"Batangas-Calapan Transit Lane",Enriched!$U$5:$U$38) -> 1 | E31: =SUMIF(Enriched!$J$5:$J$38,"Batangas-Calapan Transit Lane",Enriched!$Y$5:$Y$38) -> 56 | F31: Navigation Error | G31: =ROUND(AVERAGEIF(Enriched!$J$5:$J$38,"Batangas-Calapan Transit Lane",Enriched!$AD$5:$AD$38),0) -> 100
A32: Manila Bay | B32: Manila Bay South Approach | C32: =COUNTIF(Enriched!$J$5:$J$38,"Manila Bay South Approach") -> 2 | D32: =SUMIF(Enriched!$J$5:$J$38,"Manila Bay South Approach",Enriched!$U$5:$U$38) -> 3 | E32: =SUMIF(Enriched!$J$5:$J$38,"Manila Bay South Approach",Enriched!$Y$5:$Y$38) -> 41 | F32: Navigation Error | G32: =ROUND(AVERAGEIF(Enriched!$J$5:$J$38,"Manila Bay South Approach",Enriched!$AD$5:$AD$38),0) -> 100
A33: Manila Bay | B33: Manila Bay North Approach | C33: =COUNTIF(Enriched!$J$5:$J$38,"Manila Bay North Approach") -> 3 | D33: =SUMIF(Enriched!$J$5:$J$38,"Manila Bay North Approach",Enriched!$U$5:$U$38) -> 2 | E33: =SUMIF(Enriched!$J$5:$J$38,"Manila Bay North Approach",Enriched!$Y$5:$Y$38) -> 40 | F33: Navigation Error | G33: =ROUND(AVERAGEIF(Enriched!$J$5:$J$38,"Manila Bay North Approach",Enriched!$AD$5:$AD$38),0) -> 100
A34: Cebu Strait | B34: Cebu-Mactan Southern Approach | C34: =COUNTIF(Enriched!$J$5:$J$38,"Cebu-Mactan Southern Approach") -> 4 | D34: =SUMIF(Enriched!$J$5:$J$38,"Cebu-Mactan Southern Approach",Enriched!$U$5:$U$38) -> 0 | E34: =SUMIF(Enriched!$J$5:$J$38,"Cebu-Mactan Southern Approach",Enriched!$Y$5:$Y$38) -> 37 | F34: Navigation Error | G34: =ROUND(AVERAGEIF(Enriched!$J$5:$J$38,"Cebu-Mactan Southern Approach",Enriched!$AD$5:$AD$38),0) -> 100
A35: Surigao Strait | B35: Liloan-Surigao Crossing | C35: =COUNTIF(Enriched!$J$5:$J$38,"Liloan-Surigao Crossing") -> 3 | D35: =SUMIF(Enriched!$J$5:$J$38,"Liloan-Surigao Crossing",Enriched!$U$5:$U$38) -> 4 | E35: =SUMIF(Enriched!$J$5:$J$38,"Liloan-Surigao Crossing",Enriched!$Y$5:$Y$38) -> 35 | F35: Weather Conditions | G35: =ROUND(AVERAGEIF(Enriched!$J$5:$J$38,"Liloan-Surigao Crossing",Enriched!$AD$5:$AD$38),0) -> 100
A36: San Bernardino Strait | B36: Matnog-Allen Ferry Transit | C36: =COUNTIF(Enriched!$J$5:$J$38,"Matnog-Allen Ferry Transit") -> 3 | D36: =SUMIF(Enriched!$J$5:$J$38,"Matnog-Allen Ferry Transit",Enriched!$U$5:$U$38) -> 1 | E36: =SUMIF(Enriched!$J$5:$J$38,"Matnog-Allen Ferry Transit",Enriched!$Y$5:$Y$38) -> 31 | F36: Mechanical Failure | G36: =ROUND(AVERAGEIF(Enriched!$J$5:$J$38,"Matnog-Allen Ferry Transit",Enriched!$AD$5:$AD$38),0) -> 100
A45: Confidence and Data Caveats
A46: Metric | B46: Coverage % | C46: Description
A47: Registry identifiers | B47: =INDEX(Quality_Analysis!$J$6:$J$11,MATCH(A47,Quality_Analysis!$H$6:$H$11,0)) -> 100 | C47: IMO number or official number captured
A48: Voyage and route details | B48: =INDEX(Quality_Analysis!$J$6:$J$11,MATCH(A48,Quality_Analysis!$H$6:$H$11,0)) -> 100 | C48: Origin, destination, and route context documented
A49: Weather observations | B49: =INDEX(Quality_Analysis!$J$6:$J$11,MATCH(A49,Quality_Analysis!$H$6:$H$11,0)) -> 100 | C49: Wave height, wind force, and visibility present
A51: Methodology Notes
A52: Risk Index = severity weight × max(casualty burden, 1). It is a prioritization proxy used by the mockup, not a validated official doctrine metric.
A53: Confidence Score blends subset completeness, linked evidence presence, and review maturity. It helps a developer implement the mockup, but should be validated by policy and investigation stakeholders.
